{
"type": "FeatureCollection",
"name": "glendale_boundary_4326",
"crs": { "type": "name", "properties": { "name": "urn:ogc:def:crs:OGC:1.3:CRS84" } },
"features": [
{ "type": "Feature", "properties": { "OBJECTID": 2.0, "PERIMETER": 190417.01594637, "CITYNAME": "Glendale", "SHAPE.STAr": 853229031.06078398, "SHAPE.STLe": 190417.01611572452 }, "geometry": { "type": "MultiPolygon", "coordinates": [ [ [ [ -118.256529667425241, 34.254385972793607 ], [ -118.256560151318709, 34.256687680780679 ], [ -118.256632287629884, 34.262450577965041 ], [ -118.256691896290121, 34.267233964372153 ], [ -118.253326612547085, 34.267202706625184 ], [ -118.247597963147925, 34.267149514277662 ], [ -118.241737707641818, 34.267094792851559 ], [ -118.238499084138823, 34.267064390900764 ], [ -118.238535657993665, 34.264937399898002 ], [ -118.238563379468275, 34.263304957748709 ], [ -118.238617347822938, 34.26012671077595 ], [ -118.238661163117129, 34.257581367546756 ], [ -118.238707118635148, 34.254919587678252 ], [ -118.238752967274266, 34.252263819292793 ], [ -118.243430493550662, 34.252306094223869 ], [ -118.243434284227078, 34.251395781314713 ], [ -118.2434425420971, 34.249665312313873 ], [ -118.243455732611835, 34.248917214528852 ], [ -118.243464155036222, 34.24797457193462 ], [ -118.243473516256259, 34.247006216791974 ], [ -118.243478917585151, 34.246650085754929 ], [ -118.2436769099683, 34.246695950534665 ], [ -118.243799868674728, 34.246672136077329 ], [ -118.243780991733118, 34.246503995117152 ], [ -118.24414264602774, 34.246041258869504 ], [ -118.244168715562054, 34.245912894673069 ], [ -118.244546798082197, 34.245965081326126 ], [ -118.245374962435207, 34.246380948928632 ], [ -118.245627319494972, 34.246001634988453 ], [ -118.245977940399712, 34.245348758871891 ], [ -118.245978478682559, 34.245347738820527 ], [ -118.245979007262321, 34.24534673180279 ], [ -118.245979535416481, 34.245345724082462 ], [ -118.245980061028391, 34.245344716015595 ], [ -118.245980586213562, 34.245343706894367 ], [ -118.24598110461902, 34.245342696731718 ], [ -118.245981623022303, 34.245341685865718 ], [ -118.245982141847051, 34.245340674295313 ], [ -118.245982653892057, 34.245339661683509 ], [ -118.24598316551247, 34.24533864872086 ], [ -118.245983674588544, 34.245337634708143 ], [ -118.245984183240026, 34.245336620344631 ], [ -118.245984688498993, 34.245335604581051 ], [ -118.245985190368543, 34.245334588472666 ], [ -118.245985692658607, 34.245333571308201 ], [ -118.245986191134676, 34.245332553448016 ], [ -118.245986687067372, 34.245331534889573 ], [ -118.245987179186173, 34.245330515635416 ], [ -118.245987670879344, 34.245329495678646 ], [ -118.245988160028119, 34.245328474671929 ], [ -118.245988648752302, 34.245327453314282 ], [ -118.245989134508577, 34.245326430907447 ], [ -118.245989616449876, 34.245325407453272 ], [ -118.245990095425313, 34.245324383653312 ], [ -118.245990574399727, 34.245323359501619 ], [ -118.245991050405252, 34.245322333949112 ], [ -118.245991523021331, 34.245321308051714 ], [ -118.245991995211767, 34.24532028145174 ], [ -118.245992464010797, 34.245319253803444 ], [ -118.245992929842927, 34.24531822545778 ], [ -118.245993395674063, 34.245317196760318 ], [ -118.24599385811473, 34.245316167366312 ], [ -118.245994317587503, 34.245315136923182 ], [ -118.245994776635683, 34.245314106129129 ], [ -118.245995228904121, 34.245313074293698 ], [ -118.245995684982304, 34.24531204174707 ], [ -118.245996134281768, 34.245311008510733 ], [ -118.245996583155659, 34.245309974571846 ], [ -118.245997029064668, 34.245308940638964 ], [ -118.245997472003722, 34.245307904953485 ], [ -118.245997914519279, 34.245306869268781 ], [ -118.245998354067893, 34.245305832886743 ], [ -118.245998789801547, 34.245304795457251 ], [ -118.245999225957704, 34.245303757675195 ], [ -118.245999658723434, 34.245302719196516 ], [ -118.246000088522322, 34.245301680020475 ], [ -118.246000517472012, 34.245300640142617 ], [ -118.246000940490049, 34.245299599573386 ], [ -118.246001363082442, 34.24529855830157 ], [ -118.246001786097409, 34.245297516677176 ], [ -118.246002205721879, 34.24529647435623 ], [ -118.246002621954972, 34.245295430986914 ], [ -118.246003034799671, 34.245294387624547 ], [ -118.246003447641286, 34.245293343206974 ], [ -118.246003857517024, 34.245292298443694 ], [ -118.246004264000305, 34.24529125228046 ], [ -118.246004667096329, 34.245290206475765 ], [ -118.246005070189199, 34.245289159615957 ], [ -118.246005469891614, 34.245288112059505 ], [ -118.246005869168471, 34.245287063800511 ], [ -118.246006265903048, 34.245286015194942 ], [ -118.246006655858849, 34.245284965899664 ], [ -118.246007048777372, 34.24528391589493 ], [ -118.246007435764199, 34.245282865198774 ], [ -118.246007821903959, 34.245281814504338 ], [ -118.24600820846311, 34.245280762402174 ], [ -118.246008588669156, 34.2452797103129 ], [ -118.246008968449601, 34.245278657521062 ], [ -118.24600934526309, 34.245277604031713 ], [ -118.246009718263736, 34.245276550198426 ], [ -118.246010091684781, 34.245275495309109 ], [ -118.246010461716438, 34.245274440074972 ], [ -118.246010828358777, 34.245273384495967 ], [ -118.246011194998971, 34.245272328213503 ], [ -118.246011558673416, 34.245271271585345 ], [ -118.246011918956341, 34.245270213908924 ], [ -118.246012275850958, 34.24526915623931 ], [ -118.246012632742449, 34.245268097514568 ], [ -118.246012985822091, 34.245267038797586 ], [ -118.246013336357379, 34.245265979030599 ], [ -118.246013686468032, 34.24526491891271 ], [ -118.246014033188288, 34.245263858098248 ], [ -118.246014376943776, 34.245262797289833 ], [ -118.246014720696124, 34.245261735426205 ], [ -118.246015057669737, 34.245260672872938 ], [ -118.246015394643365, 34.245259610319621 ], [ -118.246015732038416, 34.245258547062036 ], [ -118.246016062231234, 34.245257483115601 ], [ -118.246016392847579, 34.245256419168342 ], [ -118.246016723037243, 34.245255354166751 ], [ -118.246017046872751, 34.245254288826345 ], [ -118.246017370707236, 34.245253223134192 ], [ -118.246017691151323, 34.245252156745472 ], [ -118.246018008629562, 34.24525109001106 ], [ -118.246018325682158, 34.245250022574076 ], [ -118.246018639346474, 34.245248955143929 ], [ -118.246018950466407, 34.245247886663833 ], [ -118.246019257350923, 34.245246818192257 ], [ -118.246019565080459, 34.245245749015609 ], [ -118.246019868997038, 34.245244679494895 ], [ -118.246020172910505, 34.24524360891904 ], [ -118.246020470047341, 34.245242538356941 ], [ -118.246020768030235, 34.245241467441403 ], [ -118.246021061776645, 34.245240396182744 ], [ -118.246021355943441, 34.245239323868063 ], [ -118.246021646722014, 34.245238251560245 ], [ -118.246021934533644, 34.245237178555058 ], [ -118.246022218533469, 34.245236105557524 ], [ -118.246022499566337, 34.245235031862634 ], [ -118.246022780597173, 34.245233957464229 ], [ -118.246023061629046, 34.245232883417607 ], [ -118.246023335457551, 34.245231808330423 ], [ -118.246023610132141, 34.245230732889738 ], [ -118.246023881416349, 34.245229656752556 ], [ -118.246024148888694, 34.245228580623099 ], [ -118.24602441635993, 34.245227504141866 ], [ -118.246024677476015, 34.245226426970184 ], [ -118.246024939014632, 34.245225349445874 ], [ -118.246025200128628, 34.245224271570677 ], [ -118.24602545785325, 34.245223193350675 ], [ -118.246025709222707, 34.245222114440111 ], [ -118.246025963557955, 34.245221035875282 ], [ -118.246026211113474, 34.245219956268961 ], [ -118.246026459091453, 34.245218876310147 ], [ -118.246026704104665, 34.245217796357338 ], [ -118.246026945302873, 34.245216715357067 ], [ -118.246027186925659, 34.24521563470762 ], [ -118.246027424734564, 34.245214553362537 ], [ -118.246027659577564, 34.245213471671711 ], [ -118.246027891032284, 34.245212389987806 ], [ -118.246028122060338, 34.245211307249619 ], [ -118.246028350547121, 34.245210224516526 ], [ -118.246028575222056, 34.245209141791193 ], [ -118.246028799894887, 34.245208058362437 ], [ -118.246029021600876, 34.245206974236247 ], [ -118.246029239919565, 34.245205890468633 ], [ -118.24602945484682, 34.245204805652769 ], [ -118.246029669775069, 34.245203721188616 ], [ -118.246029881312992, 34.245202636027841 ], [ -118.246030089462508, 34.245201550874043 ], [ -118.246030294645209, 34.245200465022791 ], [ -118.246030499826887, 34.245199378819798 ], [ -118.246030701619148, 34.245198292271979 ], [ -118.246030899599617, 34.245197205731913 ], [ -118.246031098426087, 34.245196118838344 ], [ -118.246031293439657, 34.245195031600829 ], [ -118.24603148548735, 34.245193944017636 ], [ -118.2460316737222, 34.245192856090434 ], [ -118.246031862380562, 34.2451917681624 ], [ -118.24603204426127, 34.245190679896403 ], [ -118.246032229528197, 34.245189590920056 ], [ -118.246032408017413, 34.245188501605789 ], [ -118.246032586507653, 34.24518741264319 ], [ -118.246032762031064, 34.245186322983223 ], [ -118.246032934165129, 34.245185232978365 ], [ -118.246033106300231, 34.245184143325289 ], [ -118.246033271655534, 34.245183052630757 ], [ -118.246033437011917, 34.245181962287973 ], [ -118.246033602789723, 34.245180871240855 ], [ -118.246033761367372, 34.245179780208439 ], [ -118.246033919943926, 34.245178688824225 ], [ -118.246034075555741, 34.245177597446023 ], [ -118.246034231166519, 34.245176505716131 ], [ -118.246034379999557, 34.245175413648283 ], [ -118.246034528831601, 34.245174321228731 ], [ -118.246034674698848, 34.245173228815212 ], [ -118.24603482014156, 34.245172136050805 ], [ -118.246034963041922, 34.24517104293983 ], [ -118.246035101706909, 34.245169949837454 ], [ -118.246035237407128, 34.245168856741095 ], [ -118.246035370140476, 34.245167762947375 ], [ -118.246035502450255, 34.24516666915445 ], [ -118.246035631370688, 34.245165575016664 ], [ -118.246035760714676, 34.245164480878117 ], [ -118.246035883281991, 34.245163386753241 ], [ -118.24603600584723, 34.245162291924991 ], [ -118.246036125025213, 34.245161197455324 ], [ -118.246036244202145, 34.245160102633932 ], [ -118.246036357023883, 34.245159007121963 ], [ -118.246036469423132, 34.245157911962657 ], [ -118.246036578856518, 34.24515681645758 ], [ -118.246036688288953, 34.245155720600792 ], [ -118.246036794334017, 34.245154625102671 ], [ -118.246036896988727, 34.245153528907927 ], [ -118.246036996679734, 34.245152433070935 ], [ -118.246037095945042, 34.245151336531372 ], [ -118.24603718885831, 34.24515024035648 ], [ -118.246037281770526, 34.245149143829806 ], [ -118.246037374258194, 34.245148046952302 ], [ -118.24603746081732, 34.245146950438588 ], [ -118.246037547374399, 34.245145853221395 ], [ -118.246037630120583, 34.245144756363679 ], [ -118.246037712865757, 34.245143659154223 ], [ -118.246037789680386, 34.2451425616051 ], [ -118.24603786564785, 34.245141464057738 ], [ -118.246037938651639, 34.245140366868057 ], [ -118.246038012076824, 34.245139268974114 ], [ -118.246038081691282, 34.245138171439635 ], [ -118.246038144950475, 34.245137073214607 ], [ -118.246038211175531, 34.24513597533528 ], [ -118.246038271046444, 34.245134877117152 ], [ -118.246038330917301, 34.245133778899003 ], [ -118.246038387399892, 34.245132680687796 ], [ -118.246038440917687, 34.245131582482578 ], [ -118.246038494009866, 34.245130483574762 ], [ -118.246038544139353, 34.245129385376401 ], [ -118.246038590879465, 34.245128286833221 ], [ -118.246038634230189, 34.245127187945208 ], [ -118.246038677582021, 34.245126089408942 ], [ -118.246038717544437, 34.245124990527813 ], [ -118.246038754542127, 34.245123891652753 ], [ -118.246038787729006, 34.245122793137135 ], [ -118.246038821337237, 34.245121693917142 ], [ -118.246038851558311, 34.245120595055845 ], [ -118.246038878388902, 34.245119495497946 ], [ -118.246038905221596, 34.245118396643498 ], [ -118.246038925276622, 34.245117297451145 ], [ -118.24603894575516, 34.245116198257882 ], [ -118.246038966233741, 34.245115099064634 ], [ -118.246038979935676, 34.245113999885163 ], [ -118.246038993637555, 34.245112900705678 ], [ -118.246039003951154, 34.245111801533099 ], [ -118.24603901087545, 34.245110702015673 ], [ -118.246039018224252, 34.245109602849119 ], [ -118.246039021761206, 34.245108503690354 ], [ -118.246039022333406, 34.245107404537507 ], [ -118.246039019516218, 34.245106305039926 ], [ -118.246039415339766, 34.245105091475388 ], [ -118.246070859252242, 34.245180997750566 ], [ -118.246306761184997, 34.245220206290327 ], [ -118.246340829084403, 34.245225735775925 ], [ -118.246419055687554, 34.245041195179518 ], [ -118.246581087651748, 34.244658948875475 ], [ -118.246654212024197, 34.244489294172425 ], [ -118.246797947475969, 34.244465442410387 ], [ -118.246800064066875, 34.244465068779746 ], [ -118.246801353050415, 34.244464834362425 ], [ -118.246802642443924, 34.244464595371781 ], [ -118.246803928011076, 34.244464351464742 ], [ -118.24680521356261, 34.244464102281796 ], [ -118.246806496135861, 34.244463848532462 ], [ -118.246807778269911, 34.244463589508008 ], [ -118.246809060811998, 34.244463325206816 ], [ -118.246810339953257, 34.244463056691814 ], [ -118.246811622877217, 34.244462778320703 ], [ -118.246812898176486, 34.244462499613356 ], [ -118.246814173883664, 34.244462215629248 ], [ -118.246815446611478, 34.24446192672702 ], [ -118.24681672059647, 34.244461633249742 ], [ -118.246817991601034, 34.244461334502603 ], [ -118.246819263015624, 34.244461031182134 ], [ -118.246820531450879, 34.244460722943522 ], [ -118.246821801141138, 34.244460409426388 ], [ -118.246823067429602, 34.244460091343726 ], [ -118.246824331161193, 34.244459767990392 ], [ -118.246825595726321, 34.244459440062776 ], [ -118.246826860699443, 34.244459106858478 ], [ -118.246828122694225, 34.244458769087707 ], [ -118.246829381710683, 34.244458426750548 ], [ -118.246830641558645, 34.24445807913574 ], [ -118.246831898427303, 34.244457726602796 ], [ -118.246833155705986, 34.244457369496551 ], [ -118.246834410428846, 34.244457007471276 ], [ -118.246835662171307, 34.244456640176182 ], [ -118.246836907125754, 34.244456269025846 ], [ -118.246838146556541, 34.244455891907407 ], [ -118.246839382163031, 34.244455510576067 ], [ -118.246840618179476, 34.244455124671347 ], [ -118.246841850792038, 34.244454733497598 ], [ -118.246843083392122, 34.244454338103196 ], [ -118.246844312589332, 34.244453937791462 ], [ -118.246845538806184, 34.244453532209889 ], [ -118.246846764585896, 34.24445312205674 ], [ -118.246847984000183, 34.24445270769575 ], [ -118.246849203398838, 34.244452288058937 ], [ -118.246850422783865, 34.244451863849591 ], [ -118.24685163537886, 34.244451435081693 ], [ -118.246852848382801, 34.244451001388711 ], [ -118.24685406094963, 34.24445056312414 ], [ -118.24685526714886, 34.24445011994834 ], [ -118.246856473335626, 34.244449672551816 ], [ -118.246857675695978, 34.244449220238863 ], [ -118.246858875500493, 34.244448763006922 ], [ -118.246860074869005, 34.24444830155511 ], [ -118.246861267869932, 34.244447835192062 ], [ -118.246862460433718, 34.244447364257468 ], [ -118.246863650018184, 34.244446888404731 ], [ -118.246864836202974, 34.244446408689825 ], [ -118.246866022372089, 34.244445923699097 ], [ -118.246867205140404, 34.244445434494551 ], [ -118.246868381542171, 34.244444940730489 ], [ -118.246869557930395, 34.244444442393949 ], [ -118.246870730915774, 34.244443939140162 ], [ -118.246871903887552, 34.244443431313897 ], [ -118.246873070070293, 34.244442919280743 ], [ -118.246874236663018, 34.244442402674288 ], [ -118.24687539646564, 34.244441881509161 ], [ -118.246876555832202, 34.244441356124177 ], [ -118.246877712220453, 34.244440826172806 ], [ -118.246878865206952, 34.244440291655863 ], [ -118.246880015215083, 34.244439752572553 ], [ -118.246881164786203, 34.24443920891769 ], [ -118.246882307990731, 34.244438660703217 ], [ -118.246883447795454, 34.244438108626746 ], [ -118.246884587586663, 34.244437551977789 ], [ -118.246885721010287, 34.244436990417604 ], [ -118.246886853998902, 34.24443642498926 ], [ -118.246887980620883, 34.24443585500147 ], [ -118.246889107230402, 34.244435280792871 ], [ -118.246890230861624, 34.244434702017969 ], [ -118.246891347280211, 34.24443411903696 ], [ -118.246892464108825, 34.244433531482677 ], [ -118.246893577537662, 34.244432940066275 ], [ -118.246894684176453, 34.244432344091258 ], [ -118.246895790802611, 34.244431743895461 ], [ -118.246896894450586, 34.244431139133312 ], [ -118.24689799427523, 34.244430530509931 ], [ -118.246899087733254, 34.244429917327032 ], [ -118.246900181179868, 34.244429300275172 ], [ -118.246901268259904, 34.24442867866378 ], [ -118.246902355327379, 34.244428052831729 ], [ -118.246903435182318, 34.244427422793564 ], [ -118.246904515872842, 34.24442678888466 ], [ -118.24690558934968, 34.244426150418079 ], [ -118.246906659850296, 34.244425508088462 ], [ -118.246907730337426, 34.244424861186431 ], [ -118.246908794036429, 34.244424210429194 ], [ -118.246909854335783, 34.244423555809867 ], [ -118.246910908268504, 34.244422896631129 ], [ -118.246911961767239, 34.244422233935872 ], [ -118.246913012287735, 34.244421566674291 ], [ -118.246914056443657, 34.244420895556644 ], [ -118.246915100163619, 34.244420220219169 ], [ -118.246916137519008, 34.244419541025579 ], [ -118.246917171051138, 34.244418857970778 ], [ -118.246918202028496, 34.244418170348744 ], [ -118.246919229183646, 34.24441747921724 ], [ -118.246920253362504, 34.244416784222729 ], [ -118.246921270752367, 34.2444160850213 ], [ -118.246922285164914, 34.244415381605251 ], [ -118.246923295755224, 34.244414674679682 ], [ -118.246924303369312, 34.244413963891205 ], [ -118.246925307583666, 34.244413249240559 ], [ -118.246926305008941, 34.244412530383045 ], [ -118.246927302422776, 34.244411807656547 ], [ -118.246928293474099, 34.24441108177745 ], [ -118.246929278162042, 34.244410352394034 ], [ -118.246930262415958, 34.244409619494235 ], [ -118.246931239880837, 34.244408882387553 ], [ -118.246932214370503, 34.24440814176959 ], [ -118.246933185461486, 34.244407397641311 ], [ -118.246934153575253, 34.244406649298355 ], [ -118.246935114901987, 34.244405897451884 ], [ -118.246936072405418, 34.244405141744267 ], [ -118.246937027357191, 34.244404382524564 ], [ -118.246937978909259, 34.244403619442764 ], [ -118.246938923250781, 34.244402852858357 ], [ -118.246939864617104, 34.24440208276274 ], [ -118.246940799617917, 34.244401308459338 ], [ -118.246941734186819, 34.244400531343025 ], [ -118.246942662390154, 34.244399750018935 ], [ -118.246943583806527, 34.24439896519138 ], [ -118.24694450563598, 34.244398176845692 ], [ -118.246945420254917, 34.244397384997441 ], [ -118.246946328933944, 34.244396589644019 ], [ -118.246947237178958, 34.244395790774178 ], [ -118.246948138636967, 34.244394988400906 ], [ -118.246949033731582, 34.244394182523287 ], [ -118.24694992585097, 34.24439337313445 ], [ -118.246950814149173, 34.244392560587876 ], [ -118.246951699471182, 34.24439174417838 ], [ -118.246952578007168, 34.244390924617136 ], [ -118.246953453144499, 34.244390101545477 ], [ -118.246954321919347, 34.244389275321325 ], [ -118.246955187295526, 34.244388445586779 ], [ -118.246956049272995, 34.244387612341839 ], [ -118.246956904888037, 34.244386775944363 ], [ -118.246957757105392, 34.244385936388255 ], [ -118.246958602535727, 34.24438509332871 ], [ -118.246959444567437, 34.244384246758784 ], [ -118.246960280237644, 34.244383397387963 ], [ -118.246961112510235, 34.244382544858617 ], [ -118.246961941807683, 34.244381688817981 ], [ -118.246962763896633, 34.244380829978233 ], [ -118.246963583010427, 34.24437996762726 ], [ -118.246964395761765, 34.244379102123666 ], [ -118.246965205115458, 34.244378233461511 ], [ -118.246966007259644, 34.244377361648461 ], [ -118.246966806429683, 34.244376486675947 ], [ -118.246967599238431, 34.244375608902594 ], [ -118.246968388649378, 34.244374727970559 ], [ -118.246969171699035, 34.244373844237707 ], [ -118.246969950926385, 34.244372956995349 ], [ -118.246970727180681, 34.244372066945196 ], [ -118.246971496650062, 34.244371174095143 ], [ -118.246972259755964, 34.244370277740728 ], [ -118.246973019466282, 34.244369378931097 ], [ -118.246973772390618, 34.24436847696979 ], [ -118.24697452191937, 34.244367572553308 ], [ -118.246975265085695, 34.24436666498422 ], [ -118.246976004854318, 34.244365754256563 ], [ -118.246976738262717, 34.244364841079715 ], [ -118.246977467849803, 34.244363924745144 ], [ -118.246978191499096, 34.244363005608825 ], [ -118.246978911328213, 34.244362083666473 ], [ -118.246979624795912, 34.244361158923304 ], [ -118.246980331479818, 34.244360231731847 ], [ -118.246981035190487, 34.244359301732629 ], [ -118.246981731692813, 34.244358368934265 ], [ -118.246982425645612, 34.244357433327323 ], [ -118.246983112390907, 34.244356495272946 ], [ -118.246983796164216, 34.2443555547625 ], [ -118.246984473151514, 34.244354611100398 ], [ -118.246985143356056, 34.244353665341734 ], [ -118.246985811010944, 34.244352716774458 ], [ -118.246986471457447, 34.244351765408027 ], [ -118.246987128508351, 34.244350811586429 ], [ -118.246987779199941, 34.244349855667473 ], [ -118.246988423106615, 34.244348896948516 ], [ -118.246989064040221, 34.244347935421779 ], [ -118.246989698190959, 34.244346971798485 ], [ -118.246990325557846, 34.244346005726996 ], [ -118.246990949951595, 34.244345036847633 ], [ -118.246991567563612, 34.244344066223569 ], [ -118.246992181778992, 34.244343092792548 ], [ -118.246992789634035, 34.244342116912456 ], [ -118.246993390706194, 34.244341138935766 ], [ -118.246993988382826, 34.244340158503917 ], [ -118.246994579276603, 34.24433917597559 ], [ -118.24699516423351, 34.244338190997226 ], [ -118.246995745371407, 34.244337203564541 ], [ -118.246996320150998, 34.244336214386223 ], [ -118.246996888145702, 34.244335222407884 ], [ -118.246997449782114, 34.244334228683933 ], [ -118.24699800802297, 34.244333232504736 ], [ -118.246998562870331, 34.244332234573882 ], [ -118.246999107545477, 34.24433123420166 ], [ -118.246999649249645, 34.244330231725094 ], [ -118.247000184595564, 34.244329227502895 ], [ -118.24700071612132, 34.244328220474635 ], [ -118.247001241290889, 34.244327212404151 ], [ -118.247001760099081, 34.244326201532886 ], [ -118.247002272125542, 34.244325188916733 ], [ -118.247002780758436, 34.244324174548929 ], [ -118.247003282607452, 34.244323157732794 ], [ -118.247003778522853, 34.244322139521913 ], [ -118.247004240716649, 34.244321175897731 ], [ -118.247004752546246, 34.244320096805339 ], [ -118.247005231502484, 34.244319072649645 ], [ -118.247005707065185, 34.244318046742237 ], [ -118.247006172881328, 34.244317019096052 ], [ -118.247006635302995, 34.244315989346468 ], [ -118.247007090942759, 34.244314957852026 ], [ -118.247007540647886, 34.24431392461107 ], [ -118.247007986537071, 34.244312889971006 ], [ -118.247008425643301, 34.244311853234414 ], [ -118.247008858392348, 34.244310815103901 ], [ -118.247009284360757, 34.244309775580241 ], [ -118.247009707357023, 34.244308733600612 ], [ -118.247010123573588, 34.244307690579554 ], [ -118.247010533008435, 34.244306645813737 ], [ -118.247010936084934, 34.244305599302265 ], [ -118.247011335770068, 34.244304551742474 ], [ -118.247011729095888, 34.244303502085337 ], [ -118.247012115640985, 34.244302451035132 ], [ -118.247012495405343, 34.244301398591823 ], [ -118.24701286881249, 34.244300344754564 ], [ -118.247013238827151, 34.244299289517336 ], [ -118.247013602060065, 34.244298232535314 ], [ -118.247013958936776, 34.244297174511054 ], [ -118.24701430945629, 34.244296115092851 ], [ -118.247014656159848, 34.244295054275533 ], [ -118.247014996506152, 34.244293992064271 ], [ -118.247015330495231, 34.244292928459053 ], [ -118.247015657281167, 34.244291863813345 ], [ -118.247015977709836, 34.244290797773729 ], [ -118.247016295170596, 34.24428973068494 ], [ -118.247016602462352, 34.244288662210003 ], [ -118.247016906361679, 34.244287592335105 ], [ -118.247017207293098, 34.244286521411077 ], [ -118.247017498057573, 34.244285449804302 ], [ -118.247017782041311, 34.244284376804437 ], [ -118.247018063056117, 34.244283302403765 ], [ -118.247018337292261, 34.244282227313455 ], [ -118.24701860517122, 34.244281150829217 ], [ -118.247018866271532, 34.244280073655311 ], [ -118.247019123979356, 34.244278995081444 ], [ -118.247019371943821, 34.244277915823979 ], [ -118.247019616517846, 34.244276835869989 ], [ -118.247019854734745, 34.244275754522107 ], [ -118.247020085749398, 34.244274672485382 ], [ -118.247020314219739, 34.244273589398723 ], [ -118.247020532523109, 34.244272505629333 ], [ -118.247020747435073, 34.244271420811685 ], [ -118.247020952180108, 34.24427033531132 ], [ -118.247021153958258, 34.244269249113557 ], [ -118.247021352345058, 34.244268161867531 ], [ -118.247021540989522, 34.244267074289631 ], [ -118.247021722855266, 34.244265986022128 ], [ -118.247021901329603, 34.244264896706383 ], [ -118.247022073448861, 34.244263806700104 ], [ -118.247022238789413, 34.244262716004243 ], [ -118.247022397775922, 34.244261624969631 ], [ -118.247022549982717, 34.244260532893634 ], [ -118.247022695412966, 34.244259440831513 ], [ -118.247022837875306, 34.244258347720219 ], [ -118.247022973560078, 34.244257254271027 ], [ -118.247023102467224, 34.244256160483936 ], [ -118.247023225442717, 34.244255066005479 ], [ -118.247023341217172, 34.244253971190041 ], [ -118.247023450635368, 34.2442528753324 ], [ -118.247023556666363, 34.244251779833327 ], [ -118.247023652530444, 34.244250683651593 ], [ -118.247023745852218, 34.244249587123335 ], [ -118.247023831972911, 34.244248490258009 ], [ -118.247023911739547, 34.244247393053953 ], [ -118.247023984728457, 34.244246295511964 ], [ -118.247024054329202, 34.244245197976923 ], [ -118.247024114186473, 34.244244099758269 ], [ -118.247024170655493, 34.244243001546565 ], [ -118.247024220346887, 34.244241902996926 ], [ -118.247024264108774, 34.244240804459444 ], [ -118.247024300669551, 34.244239705584874 ], [ -118.247024330877267, 34.244238606723314 ], [ -118.247024354731977, 34.244237507874701 ], [ -118.247024374773801, 34.244236408682141 ], [ -118.247024385074297, 34.244235309509442 ], [ -118.247024392410083, 34.244234210342853 ], [ -118.247024392544702, 34.244233110839168 ], [ -118.247024386750851, 34.244232011699339 ], [ -118.247024373756986, 34.244230912574217 ], [ -118.247024357798267, 34.244229813455121 ], [ -118.247024013468206, 34.244228098074323 ], [ -118.247023803147442, 34.244227013069327 ], [ -118.24702359579031, 34.244225927706495 ], [ -118.247023391820505, 34.244224841985073 ], [ -118.247023187848583, 34.244223755560178 ], [ -118.247022990228658, 34.244222668770597 ], [ -118.247022793031263, 34.244221581628409 ], [ -118.247022602185822, 34.244220494121578 ], [ -118.247022414727624, 34.244219406256072 ], [ -118.247022230656682, 34.244218318031947 ], [ -118.247022046584704, 34.244217229456041 ], [ -118.247021868863698, 34.244216140163779 ], [ -118.247021694107403, 34.244215050865428 ], [ -118.247021520197194, 34.244213961213624 ], [ -118.247021352214375, 34.244212870846276 ], [ -118.247021188043348, 34.244211780471147 ], [ -118.247021023447815, 34.244210689745145 ], [ -118.247020866050278, 34.244209598301012 ], [ -118.247020711193926, 34.244208506851656 ], [ -118.247020556760035, 34.244207415049729 ], [ -118.247020408678267, 34.244206322883144 ], [ -118.24702026440724, 34.244205230357032 ], [ -118.247020119712559, 34.244204137831801 ], [ -118.247019981368936, 34.244203044590087 ], [ -118.247019846413636, 34.244201951341559 ], [ -118.247019711880753, 34.244200857740339 ], [ -118.247019583698844, 34.244199763422777 ], [ -118.24701945890628, 34.244198669449972 ], [ -118.24701933411265, 34.244197575125476 ], [ -118.24701921567096, 34.244196480436258 ], [ -118.247019101040209, 34.244195385387584 ], [ -118.247018985985804, 34.244194290339706 ], [ -118.247018877706921, 34.244193194926289 ], [ -118.247018772392835, 34.24419209950689 ], [ -118.247018670464939, 34.244191003377047 ], [ -118.247018568961579, 34.244189907598098 ], [ -118.247018473809206, 34.244188811102717 ], [ -118.247018382045113, 34.244187714600429 ], [ -118.247018290279996, 34.244186617746429 ], [ -118.247018204868951, 34.244185521231167 ], [ -118.247018122844111, 34.244184424005518 ], [ -118.247018044207465, 34.244183326773005 ], [ -118.247017968535673, 34.244182229534402 ], [ -118.247017893710918, 34.244181132294095 ], [ -118.247017824813554, 34.244180034338292 ], [ -118.247017759305507, 34.244178936727209 ], [ -118.24701769676021, 34.244177838406628 ], [ -118.247017638027643, 34.244176740429985 ], [ -118.247017578871677, 34.244175642454259 ], [ -118.247017526914661, 34.244174544112127 ], [ -118.247017477922398, 34.244173445763877 ], [ -118.247017432317463, 34.244172347057017 ], [ -118.247017389678291, 34.244171248695835 ], [ -118.247017350849816, 34.244170149975169 ], [ -118.247017311597887, 34.244169051255327 ], [ -118.247017279121394, 34.244167952169946 ], [ -118.247017249610835, 34.244166853430251 ], [ -118.24701722391093, 34.244165754331028 ], [ -118.247017201176831, 34.244164655577499 ], [ -118.247017181830032, 34.244163556465338 ], [ -118.247017165871384, 34.244162457346214 ], [ -118.247017153302181, 34.244161358571951 ], [ -118.247017143695615, 34.244160259088162 ], [ -118.247017137901864, 34.244159159948317 ], [ -118.24701713507288, 34.244158060802448 ], [ -118.247017135208665, 34.244156961650482 ], [ -118.247017136191488, 34.244155862496854 ], [ -118.247017143103804, 34.244154763331096 ], [ -118.247017153404414, 34.244153664158411 ], [ -118.247017167093304, 34.244152564978833 ], [ -118.247017183746934, 34.24415146579318 ], [ -118.247017204213407, 34.24415036695148 ], [ -118.247017228067151, 34.244149267751155 ], [ -118.247017254887652, 34.244148169248184 ], [ -118.247017285094444, 34.244147070034863 ], [ -118.247017318266927, 34.244145971167256 ], [ -118.247017355252339, 34.244144872643595 ], [ -118.247017398590756, 34.244143774106931 ], [ -118.24701744192808, 34.244142675218555 ], [ -118.247017488654762, 34.24414157667502 ], [ -118.247017538347237, 34.244140478477149 ], [ -118.247017591851545, 34.244139380271477 ], [ -118.247017648320536, 34.244138282059737 ], [ -118.247017708178873, 34.24413718419283 ], [ -118.247017771424495, 34.244136085967256 ], [ -118.247017837636875, 34.244134988439107 ], [ -118.247017907237563, 34.244133890904081 ], [ -118.247017983614811, 34.244132793355227 ], [ -118.247018059991987, 34.244131695806345 ], [ -118.247018139758595, 34.244130598602275 ], [ -118.247018222914448, 34.244129501742947 ], [ -118.247018309036093, 34.244128405229425 ], [ -118.247018398546032, 34.244127308708897 ], [ -118.247018491444209, 34.244126212181477 ], [ -118.247018590695447, 34.244125115641118 ], [ -118.24701868994876, 34.244124019804197 ], [ -118.247018793013851, 34.244122923959431 ], [ -118.247018899044733, 34.244121828460472 ], [ -118.247019008465003, 34.244120733306225 ], [ -118.247019121273468, 34.244119638145079 ], [ -118.247019240436003, 34.244118543322699 ], [ -118.247019359174999, 34.2441174485012 ], [ -118.247019482151444, 34.244116354374512 ], [ -118.247019607669088, 34.244115260242609 ], [ -118.247019736999604, 34.244114166454658 ], [ -118.247019872684149, 34.244113073005501 ], [ -118.247020008368665, 34.244111979556337 ], [ -118.247020147443621, 34.244110886803661 ], [ -118.247020289483245, 34.244109794044967 ], [ -118.247020438724036, 34.24410870162329 ], [ -118.247020587542281, 34.244107609554227 ], [ -118.247020739749871, 34.244106517829998 ], [ -118.247020895345784, 34.244105426098812 ], [ -118.247021054332961, 34.244104335415912 ], [ -118.247021219672177, 34.24410324436829 ], [ -118.247021385013525, 34.244102154024141 ], [ -118.24702155374419, 34.244101064024839 ], [ -118.247021725864101, 34.244099974370251 ], [ -118.247021904338084, 34.244098885054534 ], [ -118.247022082813118, 34.244097796090486 ], [ -118.247022264678492, 34.244096707822997 ], [ -118.247022450355701, 34.244095619547707 ], [ -118.247022641963383, 34.244094531612042 ], [ -118.247022833572188, 34.244093444028117 ], [ -118.247023028994803, 34.244092357139863 ], [ -118.247023227384275, 34.244091270949006 ], [ -118.247023429160905, 34.244090184399496 ], [ -118.247023637293807, 34.244089098892218 ], [ -118.247023845426611, 34.244088013384939 ], [ -118.247024057374375, 34.244086928925071 ], [ -118.247024272285827, 34.244085844107417 ], [ -118.247024490165117, 34.244084760338843 ], [ -118.247024715245544, 34.244083676907401 ], [ -118.247024940327009, 34.244082593827592 ], [ -118.247025168375302, 34.244081511445231 ], [ -118.247025399389372, 34.244080429408562 ], [ -118.247025634216229, 34.244079347715783 ], [ -118.247025872011037, 34.244078267072176 ], [ -118.247026113616556, 34.244077186069035 ], [ -118.247026361579245, 34.244076106459865 ], [ -118.247026609541948, 34.244075026850652 ], [ -118.247026860893968, 34.244073947586266 ], [ -118.247027115213783, 34.244072869370996 ], [ -118.247027372923014, 34.244071791500595 ], [ -118.247027634021464, 34.24407071397497 ], [ -118.247027898511405, 34.24406963749761 ], [ -118.247028166389498, 34.244068561013336 ], [ -118.247028437234519, 34.244067485226431 ], [ -118.247028711469824, 34.244066410136128 ], [ -118.247028989095455, 34.24406533574227 ], [ -118.247029270110474, 34.24406426169331 ], [ -118.247029554092279, 34.24406318834167 ], [ -118.247029841887922, 34.244062115685779 ], [ -118.2470301326494, 34.244061043375545 ], [ -118.247030426801217, 34.244059971761835 ], [ -118.247030723919821, 34.244058900845531 ], [ -118.247031024853371, 34.244057830976601 ], [ -118.24703132875166, 34.244056761101668 ], [ -118.247031632652011, 34.244055691930114 ], [ -118.247031943332004, 34.24405462379999 ], [ -118.247032257401344, 34.244053556014634 ], [ -118.247032574438521, 34.244052489278431 ], [ -118.247032895287504, 34.244051422534397 ], [ -118.247033215292532, 34.244050356847346 ], [ -118.247033542500802, 34.2440492922007 ], [ -118.247033873097266, 34.244048227547196 ], [ -118.247034203697936, 34.244047164300561 ], [ -118.247034540651597, 34.244046101040965 ], [ -118.247034880996623, 34.244045038829647 ], [ -118.24703522092021, 34.244043977322583 ], [ -118.247035568045973, 34.244042916504341 ], [ -118.247035914750256, 34.244041856390425 ], [ -118.247036268656728, 34.244040796965258 ], [ -118.24703662214381, 34.244039738947869 ], [ -118.247036982406357, 34.244038680564884 ], [ -118.247037342249527, 34.244037623589662 ], [ -118.247037708872398, 34.244036567655833 ], [ -118.247038075919804, 34.24403551207282 ], [ -118.247038445933981, 34.244034457187226 ], [ -118.247038822303324, 34.244033402992123 ], [ -118.247039198675779, 34.244032349852233 ], [ -118.247039578863138, 34.244031297759662 ], [ -118.247039962016231, 34.244030246012848 ], [ -118.247040348560759, 34.244029195314226 ], [ -118.247043952080659, 34.244018198553242 ], [ -118.247234646332402, 34.244086326969011 ], [ -118.247506155725262, 34.244185471297712 ], [ -118.247722440486669, 34.243780907173061 ], [ -118.24848030586702, 34.244060357414533 ], [ -118.248494095914126, 34.243982708242577 ], [ -118.248582201192178, 34.243981681424657 ], [ -118.248584865140458, 34.243539751546663 ], [ -118.248598285755207, 34.241313203120882 ], [ -118.248609468896149, 34.239457764177288 ], [ -118.248620553965281, 34.237649054301549 ], [ -118.248642219177441, 34.23407259957154 ], [ -118.248652927323292, 34.232292795796276 ], [ -118.248662528804346, 34.230805281428488 ], [ -118.24867479354468, 34.229571841510584 ], [ -118.248681296704348, 34.228583050854709 ], [ -118.248689714213555, 34.227303126987685 ], [ -118.248701244065259, 34.22567798952214 ], [ -118.248712276752315, 34.224258397276159 ], [ -118.248726876605858, 34.222241703220519 ], [ -118.248588510204371, 34.222240006961961 ], [ -118.248449399348203, 34.222249384489821 ], [ -118.247551613811765, 34.221866492814044 ], [ -118.247362644599704, 34.221785899368861 ], [ -118.24663997398018, 34.221477683795392 ], [ -118.246548690249128, 34.221432161280944 ], [ -118.24650158842951, 34.221408672080031 ], [ -118.245768362654559, 34.221124832480953 ], [ -118.244469748317101, 34.220427188690472 ], [ -118.244343139016465, 34.220427205941789 ], [ -118.244354451230905, 34.218698534286439 ], [ -118.24403438132677, 34.218499816592796 ], [ -118.243944996373529, 34.218598712965232 ], [ -118.243734937097159, 34.218829548016465 ], [ -118.243597300109911, 34.218746151062973 ], [ -118.243546092337326, 34.218715123700875 ], [ -118.243474335864505, 34.218671647080981 ], [ -118.24347912089867, 34.218987800273091 ], [ -118.243479559412734, 34.219016794486016 ], [ -118.243480175801182, 34.21905756491654 ], [ -118.242337420352115, 34.21835475574386 ], [ -118.241948144443299, 34.218112443881246 ], [ -118.241924600866653, 34.218097788349944 ], [ -118.241729777617209, 34.217976515860926 ], [ -118.241509588430191, 34.217839452891653 ], [ -118.241467279417705, 34.217813116887953 ], [ -118.2412916472001, 34.217703788789045 ], [ -118.241073872100785, 34.217568226669016 ], [ -118.240860662982342, 34.217435506532901 ], [ -118.240646064136499, 34.217301920016801 ], [ -118.2404138866343, 34.217157390249916 ], [ -118.240414035874963, 34.216985988770581 ], [ -118.240098703460333, 34.216790874440171 ], [ -118.239966394840692, 34.216790017703488 ], [ -118.239961977220588, 34.217769852805333 ], [ -118.239491470580518, 34.217464491319191 ], [ -118.239545991138073, 34.217401440523254 ], [ -118.239546584944733, 34.21727679344135 ], [ -118.23954751723339, 34.217081219632206 ], [ -118.239548285436427, 34.216920103584535 ], [ -118.239549749749713, 34.216612888681126 ], [ -118.239332618972995, 34.216478267960518 ], [ -118.239306943755508, 34.216462313687259 ], [ -118.239116499627698, 34.216343971960448 ], [ -118.238900216407174, 34.216209573194497 ], [ -118.238678822470817, 34.216071997815888 ], [ -118.238479150005915, 34.21595257554776 ], [ -118.238467630961694, 34.215947028277327 ], [ -118.23802900385472, 34.215687147495736 ], [ -118.237808217763018, 34.215552394065526 ], [ -118.237590991667417, 34.215416389883245 ], [ -118.237598101335365, 34.214677757306887 ], [ -118.237599740782628, 34.214507410211461 ], [ -118.235219307138124, 34.213033328830932 ], [ -118.23525051835675, 34.210463137062234 ], [ -118.235258068380915, 34.20913618127404 ], [ -118.235160814935256, 34.209076316919436 ], [ -118.235004529036786, 34.208980112967119 ], [ -118.234870382413732, 34.208897537524273 ], [ -118.234738965085583, 34.208816641065731 ], [ -118.234603484797333, 34.208733244167405 ], [ -118.234470880109797, 34.208651616367035 ], [ -118.23434068705977, 34.208571474727968 ], [ -118.234204653706556, 34.20848773622393 ], [ -118.234076445046369, 34.20840881412358 ], [ -118.233940467356589, 34.208325110037002 ], [ -118.233811899491272, 34.208245786677871 ], [ -118.233744651922464, 34.208204752776602 ], [ -118.233679159798697, 34.20816407491408 ], [ -118.233586262011883, 34.208107250723216 ], [ -118.233543527850514, 34.208080944087769 ], [ -118.233413870082629, 34.208001131749775 ], [ -118.233279832642211, 34.207918625739772 ], [ -118.233252235885544, 34.207901639460431 ], [ -118.233251428011343, 34.207901143322147 ], [ -118.233179641861838, 34.207877415864019 ], [ -118.233179588593728, 34.207972055195569 ], [ -118.233103915435521, 34.207990739568601 ], [ -118.232585174027633, 34.208118636603857 ], [ -118.232587788828781, 34.20825869512975 ], [ -118.232475826414358, 34.208282815890605 ], [ -118.232266070603842, 34.208337726107573 ], [ -118.232003712952761, 34.207807451880214 ], [ -118.231945355791254, 34.207582138887034 ], [ -118.23153402553973, 34.207354516746904 ], [ -118.23140038557861, 34.207307157883299 ], [ -118.231258859056922, 34.207257003636776 ], [ -118.231125707161951, 34.207209817291279 ], [ -118.230988522445045, 34.207161201688329 ], [ -118.230975523527306, 34.207186471463316 ], [ -118.230938655317033, 34.207258141797318 ], [ -118.230785892975376, 34.207558634230736 ], [ -118.230737133229553, 34.207654327376424 ], [ -118.23060201803338, 34.207594765466936 ], [ -118.230650148415421, 34.207501845899408 ], [ -118.230852109995169, 34.207111943607295 ], [ -118.230717609789949, 34.207062158706023 ], [ -118.230433266000787, 34.20695690877551 ], [ -118.230277900165248, 34.206899399423421 ], [ -118.230127959879383, 34.206844087703679 ], [ -118.229684873667154, 34.206679886385352 ], [ -118.229486614746293, 34.207052610776728 ], [ -118.229486142192329, 34.207053500139075 ], [ -118.229443158417183, 34.207135065535738 ], [ -118.229130506461388, 34.207028515589805 ], [ -118.229173768693258, 34.206944968842677 ], [ -118.229372645734259, 34.206566909480742 ], [ -118.228922010837309, 34.206400853414095 ], [ -118.228913225491894, 34.20641642663395 ], [ -118.228711314655882, 34.206793382676125 ], [ -118.228668822707306, 34.206875601081641 ], [ -118.228359288542563, 34.206777097131351 ], [ -118.228401871206557, 34.206695603224425 ], [ -118.22860554306348, 34.206305816133863 ], [ -118.228613445317507, 34.2062906927071 ], [ -118.228463078597215, 34.20623607791498 ], [ -118.228309717766138, 34.206180692321766 ], [ -118.228142655746822, 34.206155116735367 ], [ -118.227901061262799, 34.206003798436164 ], [ -118.227647586139852, 34.20597005950102 ], [ -118.227503756134894, 34.206475189426286 ], [ -118.227480773735962, 34.206566658817628 ], [ -118.227410428253947, 34.206552794380933 ], [ -118.227334566230553, 34.206538175963168 ], [ -118.22724827401143, 34.206523937962771 ], [ -118.227140942658536, 34.206508100698983 ], [ -118.227028987606943, 34.206490879875346 ], [ -118.226922317802902, 34.206478075537504 ], [ -118.226776019420512, 34.206461365936399 ], [ -118.226656802256102, 34.206450476829815 ], [ -118.226525367863943, 34.206440399407903 ], [ -118.22643818451391, 34.206434508662298 ], [ -118.226366194317109, 34.206430841193672 ], [ -118.226232780537117, 34.206426274520972 ], [ -118.226099697650085, 34.206423361965072 ], [ -118.225985768639234, 34.206422953318402 ], [ -118.225882077334248, 34.206422831454695 ], [ -118.225771122796829, 34.206424630831116 ], [ -118.225669083879112, 34.206428921299917 ], [ -118.225596436586542, 34.206433521975271 ], [ -118.225575302340914, 34.206433221259928 ], [ -118.225595703219454, 34.206335993274479 ], [ -118.225719632624305, 34.205745356438896 ], [ -118.225133447172269, 34.205663072839741 ], [ -118.224699593169532, 34.205783327062576 ], [ -118.224348207733115, 34.20573684650028 ], [ -118.2241824945948, 34.205714467193808 ], [ -118.224217448058411, 34.205575149980923 ], [ -118.224113185202768, 34.205560578307917 ], [ -118.22401459961425, 34.205547351594561 ], [ -118.223853110349722, 34.205524555660148 ], [ -118.223520189823219, 34.205480193217767 ], [ -118.22339848750407, 34.205463975754789 ], [ -118.223413824032363, 34.205539675965518 ], [ -118.223425644750122, 34.205631364501905 ], [ -118.223430852144105, 34.205723408889284 ], [ -118.223429444850012, 34.205815465492307 ], [ -118.223423075497465, 34.205907187620191 ], [ -118.223410090498376, 34.205998578677296 ], [ -118.223297554029131, 34.205966498821361 ], [ -118.222602485615923, 34.205771306311838 ], [ -118.222506502758051, 34.205745377944488 ], [ -118.222407224717429, 34.205723921102305 ], [ -118.222306304131919, 34.205706588750147 ], [ -118.222205397297301, 34.205694408757722 ], [ -118.222104501454041, 34.205686350566005 ], [ -118.222103067610618, 34.205769132825573 ], [ -118.222097552709513, 34.206182698502857 ], [ -118.221852679083582, 34.206134716536972 ], [ -118.221158097458712, 34.206122592275044 ], [ -118.22073030457608, 34.206316411890299 ], [ -118.220275521180596, 34.206309684221615 ], [ -118.220280145476679, 34.20555503976658 ], [ -118.220279836539788, 34.205437911967486 ], [ -118.220280418334809, 34.205031568617322 ], [ -118.220179028114416, 34.205053996481716 ], [ -118.220109977257025, 34.205069402614726 ], [ -118.220001289843438, 34.205094560707394 ], [ -118.219643937449774, 34.205190681387833 ], [ -118.219510323767238, 34.205233339161062 ], [ -118.219422777178664, 34.205264635779521 ], [ -118.219219549914328, 34.205330953258283 ], [ -118.219014653029504, 34.205391434023213 ], [ -118.218806433902756, 34.205446425045153 ], [ -118.218596544755115, 34.205495235692872 ], [ -118.218384986529713, 34.205538209946376 ], [ -118.218171760165134, 34.205575691082096 ], [ -118.217956863011636, 34.20560664853209 ], [ -118.217740297381198, 34.205632112847269 ], [ -118.217523715515398, 34.205651394122931 ], [ -118.216556522407913, 34.205732130558943 ], [ -118.216575062091749, 34.205866743555049 ], [ -118.21629604774968, 34.206043793790172 ], [ -118.215927551909715, 34.206150588506638 ], [ -118.215788744700689, 34.206190337011627 ], [ -118.215749053655813, 34.206189377233315 ], [ -118.215749083826324, 34.20620105596727 ], [ -118.215079815214764, 34.206386011929119 ], [ -118.214998862496302, 34.206416382290925 ], [ -118.214993683396727, 34.205689234320396 ], [ -118.214978800024809, 34.205689260767549 ], [ -118.214980060556741, 34.205536407946667 ], [ -118.214986661193876, 34.20488858403224 ], [ -118.214998076886346, 34.203541760442995 ], [ -118.215495830983158, 34.203545340049381 ], [ -118.215495829210724, 34.203544653127096 ], [ -118.215637525469674, 34.203344492335589 ], [ -118.215708374232008, 34.203244755514675 ], [ -118.217690671760934, 34.202951595267578 ], [ -118.217692275502529, 34.202582179130438 ], [ -118.217692405503229, 34.202552310828473 ], [ -118.217692563351406, 34.202515910881004 ], [ -118.217692784829381, 34.202464944341102 ], [ -118.217695053946372, 34.201942025369085 ], [ -118.217695069720222, 34.201155201286234 ], [ -118.217221319253852, 34.200982676802063 ], [ -118.217011714474623, 34.200469811679007 ], [ -118.216913378291792, 34.199505891507357 ], [ -118.216896957414221, 34.199362848060417 ], [ -118.216735205702491, 34.197790525030321 ], [ -118.215348507914001, 34.197280330000638 ], [ -118.214616734535468, 34.196196756095141 ], [ -118.212868148232459, 34.195367067674475 ], [ -118.212704128343475, 34.195075620770794 ], [ -118.213456598554586, 34.194090375854437 ], [ -118.213382120000404, 34.194016416741022 ], [ -118.21305314199175, 34.193655671031799 ], [ -118.212756549122489, 34.193325564214902 ], [ -118.212245859000745, 34.19275717642477 ], [ -118.211102037063284, 34.192824019758213 ], [ -118.211068079243091, 34.192798388428187 ], [ -118.211064876165594, 34.192796154563027 ], [ -118.211057554839329, 34.192790997986556 ], [ -118.210904885933644, 34.192683471147831 ], [ -118.210452805650519, 34.192393954993662 ], [ -118.209800771362424, 34.191940174229202 ], [ -118.208932464048317, 34.191312735594295 ], [ -118.208810921609867, 34.191231191503825 ], [ -118.208694185248504, 34.191146618006044 ], [ -118.208248581614058, 34.190819202391367 ], [ -118.208243586446571, 34.190820311900282 ], [ -118.208055049721068, 34.190684633207468 ], [ -118.207975211957162, 34.190309085325552 ], [ -118.207972747735781, 34.190292264289305 ], [ -118.207932088504094, 34.190116423982403 ], [ -118.207796596313429, 34.189310048603318 ], [ -118.207947046633166, 34.188530127748315 ], [ -118.207961098923064, 34.188457281771854 ], [ -118.20811483804232, 34.187577229274403 ], [ -118.207489061407543, 34.187397027808359 ], [ -118.206503103109469, 34.187113099779097 ], [ -118.205988935731796, 34.186965029775301 ], [ -118.205846450035423, 34.186923997032203 ], [ -118.205752840482972, 34.186819341286302 ], [ -118.205192065779997, 34.186192390048198 ], [ -118.204883484937483, 34.185847389390574 ], [ -118.204764350403778, 34.18571595437836 ], [ -118.204726909845405, 34.185672332757491 ], [ -118.204116665084683, 34.185263750557546 ], [ -118.203549052265075, 34.184883706293178 ], [ -118.203426454884493, 34.184801621506999 ], [ -118.203239629932682, 34.184676531449377 ], [ -118.202447236043596, 34.184145969175042 ], [ -118.202321682228813, 34.184062225953987 ], [ -118.202137322170884, 34.183939261901557 ], [ -118.201572629207277, 34.183562618445634 ], [ -118.201242125694193, 34.18334217374283 ], [ -118.201114051191993, 34.183256747633493 ], [ -118.200983570424256, 34.183169715879238 ], [ -118.200798767932284, 34.183046452263689 ], [ -118.200728159493323, 34.182999356284732 ], [ -118.200306771621257, 34.182718282605173 ], [ -118.200275971217124, 34.182697737813555 ], [ -118.199930923340631, 34.182467425840265 ], [ -118.199102732565805, 34.18193860783753 ], [ -118.198751427925458, 34.181701933013592 ], [ -118.198348537394622, 34.181430500995006 ], [ -118.198203895264058, 34.181316057843993 ], [ -118.197992882779104, 34.181149104300786 ], [ -118.197931220336912, 34.181100316417321 ], [ -118.197807611574774, 34.181002513101028 ], [ -118.197806830968901, 34.181001894984341 ], [ -118.197219606900461, 34.180536131065786 ], [ -118.197094017863591, 34.180436519907602 ], [ -118.197054096298345, 34.180404853096675 ], [ -118.196676091280381, 34.180107825801173 ], [ -118.196528822151947, 34.179992100768068 ], [ -118.196503155167477, 34.179971933578962 ], [ -118.196428306895768, 34.179913117481512 ], [ -118.195900043823713, 34.179981309802379 ], [ -118.195267008679338, 34.180063265413608 ], [ -118.195157981910043, 34.180077339218101 ], [ -118.195018229840969, 34.180095378610964 ], [ -118.194831129000036, 34.180118078196493 ], [ -118.194823863613223, 34.18011876134878 ], [ -118.194179163870203, 34.180196330284396 ], [ -118.194174358028448, 34.180196946489602 ], [ -118.193410301285297, 34.180303418320911 ], [ -118.193378848604638, 34.180307488162043 ], [ -118.19330566909845, 34.180317001207946 ], [ -118.192760446269276, 34.180386705274167 ], [ -118.192713370900378, 34.180392744192595 ], [ -118.192614256043385, 34.18040545912168 ], [ -118.192607066919891, 34.180406381194445 ], [ -118.192362740632362, 34.18043768622686 ], [ -118.192256236316737, 34.180226949889892 ], [ -118.191738029131315, 34.180274202022702 ], [ -118.191731367043957, 34.180274813687177 ], [ -118.191411464045231, 34.180207218784389 ], [ -118.191187550352453, 34.18015995071061 ], [ -118.191100419170411, 34.180141557262708 ], [ -118.190831061818741, 34.180084696592616 ], [ -118.190705914705987, 34.17994218100538 ], [ -118.19069395133991, 34.179928635825156 ], [ -118.190552646567269, 34.17976870370903 ], [ -118.190468125204177, 34.179672611417672 ], [ -118.190293981939348, 34.179476630744574 ], [ -118.190279504024346, 34.179459752283599 ], [ -118.190117254096151, 34.179270600088948 ], [ -118.190103517139192, 34.179254585341759 ], [ -118.190044290815564, 34.179185538873078 ], [ -118.189928277244192, 34.179256424437362 ], [ -118.189524499469812, 34.179076728239757 ], [ -118.18951785337714, 34.179061968887609 ], [ -118.18949626752655, 34.179020097471984 ], [ -118.189476346422524, 34.178983375909489 ], [ -118.189443152670094, 34.178925722690941 ], [ -118.189402451628411, 34.178866539244041 ], [ -118.189360234876773, 34.178810785043524 ], [ -118.189318799383344, 34.178763792559302 ], [ -118.189274064518116, 34.178719553275954 ], [ -118.189233502090659, 34.178685408375451 ], [ -118.189224375199998, 34.178677725789143 ], [ -118.189163101061496, 34.178630077363344 ], [ -118.189100180535874, 34.178585522819056 ], [ -118.189032307980995, 34.178544067320196 ], [ -118.189025686109773, 34.178539955768031 ], [ -118.189009136308883, 34.178531737829246 ], [ -118.189306290606069, 34.178350256924887 ], [ -118.189191360156045, 34.178219141938449 ], [ -118.188895578562594, 34.177876189609215 ], [ -118.189330643845352, 34.176901530978881 ], [ -118.189548781522944, 34.176412837004037 ], [ -118.189884041019965, 34.175661742700107 ], [ -118.190118630285468, 34.175136175883246 ], [ -118.190377288429886, 34.174556676836055 ], [ -118.190495039673706, 34.174292863480744 ], [ -118.190985470288581, 34.173194069820845 ], [ -118.190826254336699, 34.172285594708178 ], [ -118.190805010909429, 34.172163785397409 ], [ -118.190800382576541, 34.172137243560364 ], [ -118.190775924251113, 34.171997025296548 ], [ -118.190731268557101, 34.171740975784523 ], [ -118.190489571493259, 34.170324372689393 ], [ -118.190275900868983, 34.169955493775703 ], [ -118.189942488267562, 34.169383528769963 ], [ -118.189894563197825, 34.169301283486703 ], [ -118.18977600796066, 34.169099133448277 ], [ -118.189078232273687, 34.169083482769338 ], [ -118.18903393822589, 34.1689887795931 ], [ -118.188285297526477, 34.167470450672106 ], [ -118.187917793371383, 34.166729218721834 ], [ -118.187982968073527, 34.16663662526225 ], [ -118.18802022568542, 34.166579738288888 ], [ -118.188154098198211, 34.166375286873276 ], [ -118.188319468205989, 34.166122731419343 ], [ -118.188415549669656, 34.165975993467285 ], [ -118.188542270976271, 34.165782460552528 ], [ -118.188590196870834, 34.165709266133426 ], [ -118.188613517771117, 34.165673649656618 ], [ -118.187482264294189, 34.16528281982184 ], [ -118.187268332152442, 34.165207533649493 ], [ -118.186837576091335, 34.164675869083993 ], [ -118.186563848440827, 34.164339834300392 ], [ -118.186553975888998, 34.164339822448227 ], [ -118.186328597937063, 34.164033251711565 ], [ -118.185997952946849, 34.163599872574807 ], [ -118.185885017335309, 34.163229915811158 ], [ -118.185776814720626, 34.162875460065521 ], [ -118.185231271151949, 34.161088292248635 ], [ -118.184833944586146, 34.159786624542619 ], [ -118.184134105610028, 34.159781413925899 ], [ -118.183988921694748, 34.15924533803954 ], [ -118.183962163549666, 34.159146535452244 ], [ -118.183673835848111, 34.158081894334423 ], [ -118.183000615657861, 34.155595939209263 ], [ -118.181673941569017, 34.150696577764855 ], [ -118.181672530748642, 34.150691367277112 ], [ -118.181520389234151, 34.150129476203311 ], [ -118.181468547101133, 34.149938010393875 ], [ -118.181724126009073, 34.149092187304731 ], [ -118.185040034987253, 34.149084131258547 ], [ -118.186625368835578, 34.149080248252886 ], [ -118.190020236699127, 34.149071864067182 ], [ -118.19002655414522, 34.149071848158748 ], [ -118.190206411204983, 34.149071399325244 ], [ -118.190325284438288, 34.149070948107344 ], [ -118.190408075371224, 34.149070900055023 ], [ -118.190412333694098, 34.14907046283362 ], [ -118.190469640120341, 34.149070747158056 ], [ -118.191116423851312, 34.149069137001597 ], [ -118.198180378463874, 34.149051326751469 ], [ -118.198179118480653, 34.149185788807308 ], [ -118.19817077424328, 34.150076277219384 ], [ -118.198157899387553, 34.151450175051792 ], [ -118.198156193636351, 34.15163218936241 ], [ -118.198892177671027, 34.151153237523218 ], [ -118.200849124422149, 34.150890018497194 ], [ -118.201036099009443, 34.150864868013493 ], [ -118.202709361709069, 34.150667174329293 ], [ -118.203261276696679, 34.150067826419367 ], [ -118.203582669368544, 34.149718806889652 ], [ -118.204230200015218, 34.149304292262386 ], [ -118.20490689589586, 34.148240124171281 ], [ -118.204959715709009, 34.148157060234198 ], [ -118.205414243118199, 34.147442650562944 ], [ -118.2056960861634, 34.147418341800766 ], [ -118.205795634077916, 34.147409884976959 ], [ -118.205986971131182, 34.147393814029179 ], [ -118.206292275805993, 34.147367877959425 ], [ -118.206556019620407, 34.147345471376497 ], [ -118.206778741491249, 34.147326549664683 ], [ -118.207009251174824, 34.147306965973421 ], [ -118.207275600020154, 34.147284336343446 ], [ -118.207517560606945, 34.147263779219038 ], [ -118.20770987103019, 34.147247439021534 ], [ -118.207941052638162, 34.147085088087039 ], [ -118.208102611322516, 34.146971530106157 ], [ -118.208171556459789, 34.146923069556095 ], [ -118.208330073929332, 34.146811648330733 ], [ -118.208516842183229, 34.146680370258338 ], [ -118.208752930813347, 34.146514423436848 ], [ -118.208756875947927, 34.146511650283657 ], [ -118.209155696930111, 34.146458887292333 ], [ -118.209374251782251, 34.146429971891315 ], [ -118.209383803441725, 34.14642870847338 ], [ -118.209392079204903, 34.146427613280061 ], [ -118.21009073237984, 34.146335178091874 ], [ -118.210474715490093, 34.146284373496407 ], [ -118.210939952391087, 34.146222816414124 ], [ -118.210949369097278, 34.146221570342533 ], [ -118.211604968283083, 34.147182142809562 ], [ -118.21324139176194, 34.147275162054228 ], [ -118.216204196647979, 34.147261134627414 ], [ -118.216801978316099, 34.147563338567558 ], [ -118.219126800419588, 34.147548692893395 ], [ -118.219189117693162, 34.147548299251646 ], [ -118.21945009784271, 34.148292917605026 ], [ -118.22064895578545, 34.14857234712084 ], [ -118.22086131402061, 34.148621842170584 ], [ -118.220861318900646, 34.148623688734538 ], [ -118.221044109000289, 34.148665695366972 ], [ -118.222020442904522, 34.148890059193235 ], [ -118.222493999432146, 34.149286016481248 ], [ -118.222496084516877, 34.149286114997047 ], [ -118.223463688180061, 34.149331778249767 ], [ -118.22413211717199, 34.149342418469224 ], [ -118.224332634615195, 34.149349647428942 ], [ -118.224515614265201, 34.149356244210132 ], [ -118.224587197344945, 34.14935882449214 ], [ -118.224780300921665, 34.149365785450229 ], [ -118.224873029186156, 34.149369128189008 ], [ -118.224993260943492, 34.149373461848541 ], [ -118.224996006004545, 34.14937356120339 ], [ -118.225069518066547, 34.149398220865734 ], [ -118.225247366650763, 34.149457880774861 ], [ -118.225414979655099, 34.149514107294252 ], [ -118.225490805646487, 34.149539542871736 ], [ -118.225661305580658, 34.149596737601449 ], [ -118.225671378834988, 34.149600116846173 ], [ -118.225818779819392, 34.14964956263178 ], [ -118.225898086332251, 34.149676166225852 ], [ -118.226110093562994, 34.149747283306155 ], [ -118.226113514560595, 34.149748430928604 ], [ -118.226188709202319, 34.149773655157929 ], [ -118.226217640131523, 34.14978335972976 ], [ -118.226255119125668, 34.149795932118202 ], [ -118.226787971033687, 34.148905479237527 ], [ -118.226960452252243, 34.148616727181079 ], [ -118.226973779996371, 34.14857026313279 ], [ -118.226986130390827, 34.148523612743276 ], [ -118.226997499669096, 34.14847679044091 ], [ -118.227007884486383, 34.148429810301316 ], [ -118.227017281499172, 34.148382686751894 ], [ -118.227025687362968, 34.148335433868269 ], [ -118.227033100426212, 34.148288066074585 ], [ -118.227039518192555, 34.148240598148426 ], [ -118.227044938163502, 34.148193044163619 ], [ -118.227049359534803, 34.148145418894494 ], [ -118.227052780232114, 34.148097736765891 ], [ -118.227055199450206, 34.148050012200279 ], [ -118.227056616384871, 34.148002259971783 ], [ -118.227057031076001, 34.147954494149573 ], [ -118.227056442720297, 34.147906729859386 ], [ -118.22705485220385, 34.14785898116866 ], [ -118.227052259145438, 34.147811262850816 ], [ -118.227051949297888, 34.14780714961951 ], [ -118.227048665278105, 34.147763589323226 ], [ -118.227044070643771, 34.147715975358373 ], [ -118.227032301371779, 34.147623762011541 ], [ -118.227109469143741, 34.147648509587953 ], [ -118.227469772745039, 34.147764057655159 ], [ -118.228102500125559, 34.14670476049853 ], [ -118.228624376407538, 34.146876146545765 ], [ -118.228698332190021, 34.146727278041425 ], [ -118.22825786230041, 34.146444652325677 ], [ -118.228514950113308, 34.146014231335229 ], [ -118.228648717606035, 34.14579022476066 ], [ -118.228781930376556, 34.145892355556846 ], [ -118.228781843978751, 34.145846731294867 ], [ -118.22878114070086, 34.145655190585089 ], [ -118.228780690850996, 34.145517438488518 ], [ -118.228780251396884, 34.1453811653898 ], [ -118.228779793403845, 34.145244455480061 ], [ -118.228779357870394, 34.145110386303671 ], [ -118.228778906183209, 34.144970879088291 ], [ -118.228778439292029, 34.144833235006416 ], [ -118.22877799047086, 34.144693691910135 ], [ -118.228777548736943, 34.144557355506905 ], [ -118.22877744519262, 34.144526483463032 ], [ -118.228776911639528, 34.144367266610772 ], [ -118.228774197986795, 34.143541889464672 ], [ -118.228773640057739, 34.142882161680376 ], [ -118.228773063132465, 34.142848036695845 ], [ -118.228797250151359, 34.142689874327864 ], [ -118.228797304753016, 34.142662225574725 ], [ -118.228798184264932, 34.142203453927131 ], [ -118.228798168594054, 34.142195566100405 ], [ -118.22879716057605, 34.141787320266154 ], [ -118.228797059918008, 34.141746223480148 ], [ -118.228796715643483, 34.141607944305996 ], [ -118.228796572245699, 34.141551852725136 ], [ -118.228795808147467, 34.141469287738637 ], [ -118.228795741928593, 34.141462096077767 ], [ -118.228794571434008, 34.141335998111607 ], [ -118.228793280702376, 34.14119672709775 ], [ -118.228792005658164, 34.141059321972563 ], [ -118.228791678772794, 34.141024436431557 ], [ -118.228790984534342, 34.140923656014799 ], [ -118.228790027615503, 34.140785173296678 ], [ -118.228790025870296, 34.140784381208121 ], [ -118.228789404216869, 34.140646448310484 ], [ -118.228788610205157, 34.140457139508143 ], [ -118.228792003051609, 34.140127786782685 ], [ -118.228788641092081, 34.139638272648099 ], [ -118.228787355584785, 34.139404931578895 ], [ -118.228786873050083, 34.139317971219896 ], [ -118.228786703595318, 34.13916798093269 ], [ -118.228783280229251, 34.139085309837007 ], [ -118.228843092162407, 34.139084803747231 ], [ -118.229113424526275, 34.13908251512575 ], [ -118.229149097250087, 34.139082160501943 ], [ -118.229148919938538, 34.139077505363979 ], [ -118.229148343910211, 34.139004255547547 ], [ -118.229145382801036, 34.13862744563037 ], [ -118.229143248822751, 34.13835606853435 ], [ -118.229141192894545, 34.138094949443776 ], [ -118.229016695084582, 34.138095238826971 ], [ -118.227888801318429, 34.138097859219521 ], [ -118.227893958816239, 34.137784115725026 ], [ -118.227916634601442, 34.136404639161846 ], [ -118.22791926462827, 34.136157325356663 ], [ -118.227922220070951, 34.136029199997132 ], [ -118.227928028389599, 34.135777383005312 ], [ -118.227931983124279, 34.135605907380487 ], [ -118.227982200618001, 34.135605913980399 ], [ -118.228322573548823, 34.135605958496271 ], [ -118.22832422572877, 34.135605955375652 ], [ -118.228560503620301, 34.135605852503765 ], [ -118.22864972777198, 34.135606027057463 ], [ -118.230271482648305, 34.135605845490012 ], [ -118.230385430045771, 34.13560573213784 ], [ -118.230740684439084, 34.13560543512704 ], [ -118.231106978350937, 34.135605127925984 ], [ -118.231211840781995, 34.135604998452486 ], [ -118.231461727611062, 34.135604341211433 ], [ -118.231781814480996, 34.135604678623956 ], [ -118.233719085340923, 34.135606732759669 ], [ -118.233718922621961, 34.13552902541614 ], [ -118.233718753049743, 34.135448261919919 ], [ -118.233718634932544, 34.135391951170575 ], [ -118.233718489031929, 34.135322376102117 ], [ -118.23371777547149, 34.134982016458103 ], [ -118.233717494954021, 34.134848110919521 ], [ -118.233716794376647, 34.134514055629872 ], [ -118.233741809908437, 34.13451389119129 ], [ -118.23435484225962, 34.134509861590175 ], [ -118.234756976208971, 34.134507170714919 ], [ -118.235080279231283, 34.13450500677272 ], [ -118.235420313811034, 34.134502729539626 ], [ -118.235632830231111, 34.134501305309719 ], [ -118.235723947671005, 34.134500695388276 ], [ -118.23574824666963, 34.134500532635215 ], [ -118.235951494456913, 34.134499170941815 ], [ -118.236147668975335, 34.134498949661911 ], [ -118.236285615583142, 34.134498793707728 ], [ -118.236321158129087, 34.134343733442691 ], [ -118.236413765443416, 34.13394064877734 ], [ -118.236458664634782, 34.133745217101932 ], [ -118.236496599598865, 34.133579939679045 ], [ -118.236561809342376, 34.133296047631717 ], [ -118.236621744996, 34.132719745045037 ], [ -118.236608732423235, 34.132633890805856 ], [ -118.236434387274159, 34.131483601415916 ], [ -118.236423663706546, 34.131414777581377 ], [ -118.236402407656186, 34.131275731416643 ], [ -118.23637160040137, 34.131074203590288 ], [ -118.236341125119012, 34.130874848084872 ], [ -118.236340239120182, 34.130869052633663 ], [ -118.236308971554607, 34.130663932439049 ], [ -118.236277864337708, 34.13045907361002 ], [ -118.236247030942209, 34.130256015438952 ], [ -118.236211809033904, 34.130024056597058 ], [ -118.236178288384536, 34.129803299074453 ], [ -118.236137679243271, 34.129535859259818 ], [ -118.236119642978494, 34.129417075801335 ], [ -118.236049686903783, 34.12895635957927 ], [ -118.236037110822949, 34.12887353633279 ], [ -118.236031234211907, 34.128835155274771 ], [ -118.235990399003555, 34.128768211803013 ], [ -118.235946402997982, 34.128692677900204 ], [ -118.235930145017733, 34.128664764834213 ], [ -118.235540452774217, 34.127995717698255 ], [ -118.235316508532151, 34.12760357359069 ], [ -118.235270558863562, 34.127049103157667 ], [ -118.235243408432709, 34.126721480108571 ], [ -118.23600339138541, 34.12662089815953 ], [ -118.236150658133695, 34.126600709398716 ], [ -118.236474392245825, 34.12655632782365 ], [ -118.236903472768788, 34.126497502402678 ], [ -118.237141953170138, 34.126464806958275 ], [ -118.237798582187835, 34.12637478116919 ], [ -118.238319189551206, 34.126303401744039 ], [ -118.238435263271597, 34.126287486806767 ], [ -118.238552026493409, 34.126271477189086 ], [ -118.238707601643796, 34.126250145844779 ], [ -118.238872195336526, 34.126227577739357 ], [ -118.239318683151495, 34.126166356625866 ], [ -118.239490462393633, 34.126142801977373 ], [ -118.239661836946553, 34.126119303108339 ], [ -118.239970504781255, 34.126076977485809 ], [ -118.240374236035152, 34.126021615188215 ], [ -118.24062676074675, 34.125986842095173 ], [ -118.250535307959836, 34.124625151071712 ], [ -118.251143437455482, 34.124541477676154 ], [ -118.25128452489389, 34.124522064841806 ], [ -118.25279882215429, 34.124313694794232 ], [ -118.252876291482465, 34.124303034354497 ], [ -118.253068118217641, 34.124374531746724 ], [ -118.253262675001324, 34.124447046644079 ], [ -118.253647401086795, 34.123302272607425 ], [ -118.253432100498813, 34.123098910039403 ], [ -118.253324175176516, 34.122996987024322 ], [ -118.253213519950549, 34.122892485485586 ], [ -118.253106189376112, 34.122791123796752 ], [ -118.252973636219934, 34.122665941957486 ], [ -118.252866676495103, 34.122564929602909 ], [ -118.25279329855212, 34.122495631897721 ], [ -118.252757293963356, 34.122461629304837 ], [ -118.252698673431851, 34.122406268159999 ], [ -118.252692939177749, 34.122400854037494 ], [ -118.252647367228988, 34.122357991331924 ], [ -118.252539805164446, 34.122256824134041 ], [ -118.252477043180548, 34.122197793162137 ], [ -118.252430388242558, 34.122153912274207 ], [ -118.25231863213186, 34.122048801270509 ], [ -118.252184682856679, 34.121922815678651 ], [ -118.252077924350885, 34.121822403667409 ], [ -118.25196858109237, 34.121719560178171 ], [ -118.251856958888041, 34.1216145722804 ], [ -118.251747107234351, 34.121511250598104 ], [ -118.251638864525503, 34.121409441767284 ], [ -118.251526699859681, 34.121303943283678 ], [ -118.251402303942228, 34.121187476170974 ], [ -118.251284832319541, 34.12107649626774 ], [ -118.251178276874768, 34.120976229365375 ], [ -118.251142694312094, 34.12094276145239 ], [ -118.251495281495792, 34.120695232219511 ], [ -118.251630478401097, 34.120594471570485 ], [ -118.251663921958382, 34.120573442454159 ], [ -118.252051276698936, 34.12030916129951 ], [ -118.252427927429721, 34.120052490848018 ], [ -118.252611501861935, 34.119923398343474 ], [ -118.252786811276721, 34.119805357615142 ], [ -118.253185198294602, 34.119531524590492 ], [ -118.253542210011659, 34.119289234569251 ], [ -118.254026555955605, 34.118949507137678 ], [ -118.254129041342694, 34.118881565366301 ], [ -118.254183590112689, 34.118845192049925 ], [ -118.254284425149947, 34.118775187917585 ], [ -118.254404923189085, 34.118877621030634 ], [ -118.254507265554665, 34.118962868479713 ], [ -118.254621160191235, 34.1190611754432 ], [ -118.254703628310125, 34.119132719408974 ], [ -118.254817522986073, 34.119231026188736 ], [ -118.254933112387718, 34.119330679220198 ], [ -118.255045311816261, 34.119429700205494 ], [ -118.255142703820184, 34.119510135724852 ], [ -118.25522689100535, 34.119579571317381 ], [ -118.255302819839315, 34.119646940658747 ], [ -118.255395255406356, 34.119728746578851 ], [ -118.2554629359595, 34.119783745381952 ], [ -118.255548767779445, 34.119861425302595 ], [ -118.255649457603567, 34.119950105691238 ], [ -118.25578647050709, 34.12006147825609 ], [ -118.255842587958483, 34.120116469663863 ], [ -118.255944932016021, 34.120203090103288 ], [ -118.255986196884024, 34.120241585187365 ], [ -118.256073681550873, 34.120319265809904 ], [ -118.256167772650372, 34.120399011081254 ], [ -118.25620903901553, 34.120435445662665 ], [ -118.256299824446643, 34.120517249822051 ], [ -118.256392260666175, 34.120600428483101 ], [ -118.256450034195169, 34.120651986044287 ], [ -118.256542470714223, 34.12073516494241 ], [ -118.256638208228964, 34.120821780532502 ], [ -118.256760479375146, 34.120936577480819 ], [ -118.256899067526234, 34.121067136795872 ], [ -118.257083902238264, 34.121232759162183 ], [ -118.257106945805702, 34.121255515149343 ], [ -118.257195136705121, 34.121337998424067 ], [ -118.257272363842333, 34.121410225714961 ], [ -118.257314385198285, 34.121449529472706 ], [ -118.257385482167962, 34.121521416607635 ], [ -118.257391432395963, 34.121527119168547 ], [ -118.257395040797491, 34.121530578821215 ], [ -118.257398648777567, 34.121534038826319 ], [ -118.257402255913178, 34.121537499184875 ], [ -118.257405862204322, 34.121540959896826 ], [ -118.257409468497983, 34.121544421312187 ], [ -118.257413073947134, 34.121547883080915 ], [ -118.257416678551863, 34.121551345203088 ], [ -118.257420282735055, 34.121554807677789 ], [ -118.257423886073823, 34.121558270505865 ], [ -118.257427489415008, 34.121561734037321 ], [ -118.257431091488897, 34.121565197923069 ], [ -118.257434693564122, 34.121568662160477 ], [ -118.257438294373074, 34.121572127103896 ], [ -118.257441895182367, 34.12157559204725 ], [ -118.257445495148247, 34.121579057695754 ], [ -118.257449094269688, 34.121582523697612 ], [ -118.257452692970674, 34.121585990403744 ], [ -118.257456291249113, 34.121589457110687 ], [ -118.257459888684124, 34.121592924522744 ], [ -118.257463485697585, 34.121596392287358 ], [ -118.25746708228958, 34.121599860404508 ], [ -118.257470678038146, 34.121603329226758 ], [ -118.257474272942318, 34.12160679840246 ], [ -118.257477867424939, 34.12161026793067 ], [ -118.257481461486051, 34.12161373781138 ], [ -118.25748505470267, 34.121617208045535 ], [ -118.257488647498818, 34.121620678983902 ], [ -118.257492239450613, 34.121624150275771 ], [ -118.257495830980787, 34.121627621920148 ], [ -118.257499422089509, 34.121631093916982 ], [ -118.257503012353709, 34.121634566267275 ], [ -118.257506601774622, 34.12163803932269 ], [ -118.257510191196829, 34.121641512729738 ], [ -118.257513779351711, 34.12164498649112 ], [ -118.257517367509095, 34.121648460955818 ], [ -118.257520954820947, 34.121651935422243 ], [ -118.257524541289342, 34.121655410593796 ], [ -118.257528127336329, 34.121658886117885 ], [ -118.257531712962788, 34.121662362346228 ], [ -118.257535297743672, 34.12166583857622 ], [ -118.257538882104257, 34.121669315510516 ], [ -118.257542465620276, 34.121672792798236 ], [ -118.257546048714843, 34.121676270438428 ], [ -118.25754963096594, 34.121679748783798 ], [ -118.257553212794491, 34.121683227129942 ], [ -118.2575567942026, 34.121686706180327 ], [ -118.257560374766257, 34.121690185584185 ], [ -118.257563954909443, 34.121693665692291 ], [ -118.257567534207098, 34.121697145802059 ], [ -118.257571113084282, 34.121700626616047 ], [ -118.2575746911171, 34.121704107783536 ], [ -118.257578268728309, 34.121707589303469 ], [ -118.257581845919105, 34.121711071527699 ], [ -118.25758542226437, 34.121714553753606 ], [ -118.257588997766234, 34.121718036684669 ], [ -118.257592573269534, 34.121721519967373 ], [ -118.257596147506575, 34.12172500395608 ], [ -118.257599721743858, 34.121728487944729 ], [ -118.257603295137756, 34.12173197263845 ], [ -118.257606867687244, 34.121735457685695 ], [ -118.257610439815181, 34.121738943085418 ], [ -118.257614011521582, 34.121742428837671 ], [ -118.257617582384668, 34.121745915295037 ], [ -118.257621152403274, 34.121749402105856 ], [ -118.257624722423245, 34.121752889268272 ], [ -118.257628291175877, 34.121756376785058 ], [ -118.257631859930967, 34.121759865005203 ], [ -118.257635427841606, 34.121763353578743 ], [ -118.257638994906742, 34.121766842153932 ], [ -118.257642561552487, 34.121770331785136 ], [ -118.257646127775601, 34.12177382141715 ], [ -118.257649693155315, 34.1217773117543 ], [ -118.257653258112498, 34.121780802092232 ], [ -118.257656822226281, 34.121784293135377 ], [ -118.257660385919635, 34.121787784882734 ], [ -118.257663948767387, 34.121791276631733 ], [ -118.25766751119474, 34.121794769085042 ], [ -118.257671073200598, 34.121798261890888 ], [ -118.257674634361976, 34.121801755050122 ], [ -118.257678195101818, 34.121805248561905 ], [ -118.257681754998245, 34.121808742778811 ], [ -118.257685314473207, 34.121812237348195 ], [ -118.257688873102637, 34.121815731919384 ], [ -118.257692431312634, 34.121819227546517 ], [ -118.257695988677142, 34.121822723175271 ], [ -118.257699545621207, 34.121826219508371 ], [ -118.257703102143765, 34.121829716193943 ], [ -118.257706657821842, 34.121833213232968 ], [ -118.257710213078354, 34.121836710624507 ], [ -118.2577137674905, 34.121840208369434 ], [ -118.257717321482104, 34.121843706818645 ], [ -118.257720874629328, 34.121847205621272 ], [ -118.257724427354958, 34.121850704776428 ], [ -118.257727979236236, 34.12185420428505 ], [ -118.25773153069693, 34.121857704497863 ], [ -118.257735081736229, 34.121861205063233 ], [ -118.257738631930991, 34.121864705982006 ], [ -118.257742181704245, 34.121868207253328 ], [ -118.257745730633061, 34.121871708878032 ], [ -118.257749279141407, 34.121875211207048 ], [ -118.25775282680533, 34.121878713889451 ], [ -118.257756374047716, 34.121882216924355 ], [ -118.257759920868509, 34.121885720311823 ], [ -118.257763466844949, 34.121889224052708 ], [ -118.257767011977947, 34.1218927284987 ], [ -118.257770556689465, 34.121896233297292 ], [ -118.257774100979375, 34.12189973844837 ], [ -118.25777764442492, 34.121903243952893 ], [ -118.257781187449964, 34.121906750161649 ], [ -118.257784729629506, 34.121910256372111 ], [ -118.257788271388563, 34.121913763286805 ], [ -118.257791812726111, 34.121917270554036 ], [ -118.257795353220274, 34.121920778526473 ], [ -118.257798892868919, 34.121924286500523 ], [ -118.257802432097108, 34.121927795178877 ], [ -118.257805970903775, 34.121931304209731 ], [ -118.257809508865989, 34.121934813593995 ], [ -118.257813046406653, 34.121938323330831 ], [ -118.257816583103946, 34.12194183377283 ], [ -118.257820119379787, 34.12194534456728 ], [ -118.257823654811091, 34.12194885571521 ], [ -118.257827189820873, 34.121952367215677 ], [ -118.257830724409132, 34.121955879068643 ], [ -118.257834258154048, 34.121959391626788 ], [ -118.25783779105447, 34.121962904538329 ], [ -118.257841323956328, 34.121966417801502 ], [ -118.257844855590761, 34.121969931419009 ], [ -118.257848387226616, 34.121973445388129 ], [ -118.257851917596213, 34.121976960063314 ], [ -118.257855447967074, 34.121980475090105 ], [ -118.257858977493612, 34.121983990470319 ], [ -118.257862506175655, 34.121987506204036 ], [ -118.257866034437242, 34.121991022641943 ], [ -118.257869562276184, 34.121994539080625 ], [ -118.25787308927184, 34.121998056224527 ], [ -118.257876615422973, 34.122001573721782 ], [ -118.257880141576621, 34.122005091922446 ], [ -118.257883666461794, 34.122008610125661 ], [ -118.257887191349454, 34.122012129032292 ], [ -118.25789071539262, 34.122015648292319 ], [ -118.257894238591362, 34.122019167905762 ], [ -118.257897761368582, 34.122022687871727 ], [ -118.257901283301337, 34.122026208191151 ], [ -118.25790480481362, 34.122029729214823 ], [ -118.257908325904353, 34.122033250591002 ], [ -118.257911846150733, 34.122036772320655 ], [ -118.257915365975506, 34.122040294402723 ], [ -118.257918884956965, 34.122043817190026 ], [ -118.257922403516815, 34.122047340329857 ], [ -118.257925921232285, 34.122050863823112 ], [ -118.257929438526176, 34.122054387668889 ], [ -118.25793295497563, 34.122057911868097 ], [ -118.257936471003561, 34.122061436419855 ], [ -118.257939986611035, 34.122064961675832 ], [ -118.257943501374044, 34.122068487285247 ], [ -118.257947015292586, 34.122072013248093 ], [ -118.257950529212522, 34.12207553956258 ], [ -118.257954041866228, 34.122079066583083 ], [ -118.257957554521241, 34.122082593955277 ], [ -118.25796106590893, 34.122086121681704 ], [ -118.257964577297983, 34.122089649759836 ], [ -118.257968087419684, 34.122093178192223 ], [ -118.257971597542763, 34.122096706976365 ], [ -118.257975106822443, 34.122100236465528 ], [ -118.257978615257741, 34.122103766308165 ], [ -118.257982123271461, 34.122107296503387 ], [ -118.257985630863658, 34.122110827051074 ], [ -118.257989137612455, 34.122114358303946 ], [ -118.257992643939772, 34.122117889909362 ], [ -118.257996149421501, 34.122121421516454 ], [ -118.25799965448391, 34.122124954179441 ], [ -118.25800315870076, 34.122128486844261 ], [ -118.258006662496086, 34.122132019861581 ], [ -118.258010165447999, 34.122135553584037 ], [ -118.258013667978446, 34.122139087659001 ], [ -118.258017170087285, 34.122142622086479 ], [ -118.258020671351716, 34.122146156867473 ], [ -118.258024171772817, 34.122149692353574 ], [ -118.258027671771217, 34.122153227840464 ], [ -118.258031171349245, 34.122156764031644 ], [ -118.25803467008275, 34.122160300576191 ], [ -118.258038168394776, 34.122163837473309 ], [ -118.258041665863402, 34.122167375075605 ], [ -118.25804516290944, 34.122170912678662 ], [ -118.258048659112063, 34.122174450986918 ], [ -118.258052154893193, 34.122177989647639 ], [ -118.258055649829856, 34.122181528661862 ], [ -118.258059144346049, 34.12218506838029 ], [ -118.258062638439654, 34.122188608099535 ], [ -118.258066131689887, 34.122192148523965 ], [ -118.25806962409564, 34.122195689301776 ], [ -118.258073116502814, 34.122199230431221 ], [ -118.258076607642579, 34.122202771915028 ], [ -118.25808009836193, 34.122206314103053 ], [ -118.25808358865973, 34.122209856643622 ], [ -118.258087078113064, 34.12221339953765 ], [ -118.258090567144862, 34.122216942784213 ], [ -118.258094055755222, 34.122220486383291 ], [ -118.258097543099183, 34.122224030688393 ], [ -118.258101030443427, 34.122227574993424 ], [ -118.258104516944385, 34.122231120003583 ], [ -118.258108002600906, 34.122234665367252 ], [ -118.258111487835777, 34.122238211083356 ], [ -118.258114972650262, 34.122241757503751 ], [ -118.258118456619243, 34.122245303925915 ], [ -118.258121940167712, 34.122248851052269 ], [ -118.258125422871757, 34.122252398532062 ], [ -118.258128904731393, 34.122255946365264 ], [ -118.258132386593431, 34.122259494901833 ], [ -118.258135867187008, 34.122263043441052 ], [ -118.258139347783114, 34.122266592683609 ], [ -118.258142827534684, 34.122270142279561 ], [ -118.258146306441887, 34.12227369222898 ], [ -118.258149784928619, 34.122277242882603 ], [ -118.258153262569778, 34.122280793538032 ], [ -118.258156739790536, 34.122284344897629 ], [ -118.258160216589715, 34.122287896609741 ], [ -118.258163692544414, 34.122291448675348 ], [ -118.258167168077634, 34.122295001093498 ], [ -118.258170642766402, 34.122298553865072 ], [ -118.258174116611713, 34.122302107341717 ], [ -118.258177590458544, 34.122305661170053 ], [ -118.258181063037867, 34.122309215352736 ], [ -118.258184535618682, 34.122312769887031 ], [ -118.258188006932059, 34.122316324775646 ], [ -118.258191478247966, 34.122319880367669 ], [ -118.258194948719392, 34.122323436313039 ], [ -118.258198418346325, 34.122326992611931 ], [ -118.258201887551735, 34.122330549263296 ], [ -118.25820535591275, 34.12233410626812 ], [ -118.258208823853238, 34.122337663977198 ], [ -118.258212291371095, 34.122341221687051 ], [ -118.258215758045651, 34.122344780102075 ], [ -118.258219224298642, 34.122348338869664 ], [ -118.25822268970721, 34.122351897990676 ], [ -118.258226154272378, 34.12235545781688 ], [ -118.258229618837817, 34.122359017642928 ], [ -118.258233082137025, 34.122362578175057 ], [ -118.258236545437612, 34.122366139058812 ], [ -118.258240007470775, 34.122369700296886 ], [ -118.258243469505359, 34.122373261886601 ], [ -118.258246930273685, 34.122376824182389 ], [ -118.258250391042225, 34.122380386478071 ], [ -118.258253850967421, 34.122383949478923 ], [ -118.258257310048236, 34.122387512833214 ], [ -118.258260768708553, 34.122391076891716 ], [ -118.258264226946238, 34.122394640951065 ], [ -118.258267684340552, 34.122398205715591 ], [ -118.258271140889335, 34.122401770481794 ], [ -118.258274597017632, 34.122405335952259 ], [ -118.258278052724449, 34.122408901775287 ], [ -118.258281507587867, 34.122412468303388 ], [ -118.25828496202864, 34.122416034832384 ], [ -118.258288415626097, 34.122419602066515 ], [ -118.258291868802033, 34.122423169653153 ], [ -118.25829532113346, 34.122426737593273 ], [ -118.258298773043364, 34.122430305885878 ], [ -118.258302224108832, 34.12243387453195 ], [ -118.2583056747538, 34.122437443882255 ], [ -118.258309124553278, 34.122441013234308 ], [ -118.258312573932272, 34.12244458329058 ], [ -118.258316022466829, 34.122448153700283 ], [ -118.258319470579849, 34.122451724462536 ], [ -118.258322918272427, 34.122455295929065 ], [ -118.258326365120496, 34.12245886774901 ], [ -118.258329811123048, 34.12246243957069 ], [ -118.258333256705185, 34.122466012096602 ], [ -118.258336701865829, 34.122469584975022 ], [ -118.258340146183002, 34.122473158558606 ], [ -118.258343590077615, 34.122476732143063 ], [ -118.258347033128857, 34.122480306432628 ], [ -118.258350475758533, 34.12248388107475 ], [ -118.258359679853228, 34.122493616584137 ], [ -118.258365245093458, 34.122499507039926 ], [ -118.258370808646148, 34.122505398554345 ], [ -118.258376370511129, 34.122511291127232 ], [ -118.258381930688472, 34.122517184758685 ], [ -118.25838748917819, 34.122523079448627 ], [ -118.25839304598027, 34.122528975197156 ], [ -118.25839860109474, 34.122534872004195 ], [ -118.258404154521571, 34.122540769869772 ], [ -118.258409706684844, 34.122546669144768 ], [ -118.258415256737464, 34.122552569479168 ], [ -118.258420805101423, 34.122558470520339 ], [ -118.258426351778866, 34.12256437297188 ], [ -118.258431896768613, 34.122570276481881 ], [ -118.258437440493722, 34.122576181049546 ], [ -118.258442982108235, 34.122582086676665 ], [ -118.258448522035124, 34.122587993362288 ], [ -118.258454060274346, 34.122593901106477 ], [ -118.258459597249995, 34.122599810260041 ], [ -118.258465132114011, 34.122605720121314 ], [ -118.258470665291412, 34.122611631392871 ], [ -118.258476197203066, 34.122617543370374 ], [ -118.258481727005233, 34.122623456758987 ], [ -118.258487255119817, 34.122629371206173 ], [ -118.258492781969665, 34.122635286710995 ], [ -118.258498306708987, 34.122641203275251 ], [ -118.258503830183528, 34.122647120897156 ], [ -118.258509351547559, 34.122653039578495 ], [ -118.258514871223994, 34.122658959318407 ], [ -118.258520389635635, 34.122664880115927 ], [ -118.258525905937859, 34.12267080232467 ], [ -118.258531420551321, 34.122676725240161 ], [ -118.25853693390124, 34.122682649565121 ], [ -118.258542445139469, 34.122688574597746 ], [ -118.258547955114111, 34.122694501039753 ], [ -118.258553462978128, 34.122700428541172 ], [ -118.258558969154549, 34.122706357101194 ], [ -118.258564474065182, 34.122712286367054 ], [ -118.258569976866312, 34.122718217044181 ], [ -118.258575478402733, 34.122724148778914 ], [ -118.258580977829681, 34.122730081924814 ], [ -118.258586475567967, 34.122736015777541 ], [ -118.258591972041529, 34.122741950687882 ], [ -118.258597466404495, 34.122747886657706 ], [ -118.258602959503818, 34.122753824036906 ], [ -118.258608450491536, 34.122759762123849 ], [ -118.258613939792696, 34.122765701621027 ], [ -118.258619427828066, 34.12277164182413 ], [ -118.258624913754005, 34.122777583438484 ], [ -118.258630397992221, 34.122783526111341 ], [ -118.258635880964633, 34.122789469490087 ], [ -118.258641361827699, 34.122795414280063 ], [ -118.258646841003014, 34.122801360128499 ], [ -118.258652318913619, 34.12280730703467 ], [ -118.258657794713727, 34.122813255000281 ], [ -118.258663268826155, 34.122819204024459 ], [ -118.258668741250986, 34.122825154107112 ], [ -118.25867421241108, 34.12283110524745 ], [ -118.258679681461686, 34.122837057798982 ], [ -118.25868514882356, 34.122843011057341 ], [ -118.258690614497809, 34.122848965374288 ], [ -118.258696078485556, 34.122854921101457 ], [ -118.258701541207429, 34.122860877534592 ], [ -118.258707001818763, 34.122866835027125 ], [ -118.258712460743595, 34.122872793929986 ], [ -118.258717917980761, 34.122878753891371 ], [ -118.258723373529193, 34.122884714559603 ], [ -118.258728827391081, 34.1228906766381 ], [ -118.258734279565317, 34.122896639775171 ], [ -118.258739730050863, 34.122902603619039 ], [ -118.258745178849807, 34.122908568873228 ], [ -118.258750625961113, 34.122914535185942 ], [ -118.258756071384823, 34.122920502557214 ], [ -118.258761515120867, 34.122926470987053 ], [ -118.258766957169257, 34.122932440475438 ], [ -118.258772397107109, 34.122938411023298 ], [ -118.258777835780251, 34.122944382628759 ], [ -118.258783272765768, 34.122950355292865 ], [ -118.258788708063591, 34.122956329015494 ], [ -118.258794141250888, 34.12296230379755 ], [ -118.258799573173434, 34.122968279637277 ], [ -118.258805003408384, 34.122974256535549 ], [ -118.258810431532751, 34.122980234493305 ], [ -118.258815858393504, 34.122986213860415 ], [ -118.258821283565524, 34.122992193934387 ], [ -118.25882670662692, 34.122998175067821 ], [ -118.2588321284248, 34.123004157610609 ], [ -118.258837548110947, 34.123010140861176 ], [ -118.258842966109484, 34.123016125170267 ], [ -118.258848382844363, 34.123022110888733 ], [ -118.258853797467594, 34.123028097314908 ], [ -118.258859210404296, 34.123034085151424 ], [ -118.258864622075137, 34.123040073693844 ], [ -118.258870031636604, 34.123046063647479 ], [ -118.258875439509254, 34.123052054307905 ], [ -118.258880845695359, 34.123058046378674 ], [ -118.258886250192731, 34.123064039156212 ], [ -118.258891653003587, 34.123070033344121 ], [ -118.258897054125669, 34.123076028238827 ], [ -118.258902453561205, 34.123082024543805 ], [ -118.258907851308024, 34.123088021555596 ], [ -118.258913247368298, 34.1230940199777 ], [ -118.258918641740976, 34.123100019458349 ], [ -118.258924034001922, 34.123106019646812 ], [ -118.258929424999238, 34.123112021244559 ], [ -118.258934814308873, 34.123118023900922 ], [ -118.258940201506945, 34.123124027265028 ], [ -118.258945587441318, 34.123130032038489 ], [ -118.258950971265136, 34.123136037871461 ], [ -118.258956353823166, 34.123142044410322 ], [ -118.258961734271722, 34.123148052360399 ], [ -118.258967113455512, 34.123154061368169 ], [ -118.258972490527697, 34.123160071083625 ], [ -118.25897786591328, 34.12316608220938 ], [ -118.258983239611283, 34.123172094393723 ], [ -118.258988611620453, 34.123178107284915 ], [ -118.258993981943121, 34.123184121586334 ], [ -118.258999350578122, 34.123190136946398 ], [ -118.259004717524462, 34.123196153013247 ], [ -118.259010082784172, 34.123202170490423 ], [ -118.259015446356244, 34.123208189026158 ], [ -118.259020808239569, 34.123214208268699 ], [ -118.259026168436364, 34.123220228921546 ], [ -118.25903152652262, 34.123226250633905 ], [ -118.259036883342986, 34.123232273052153 ], [ -118.259042238053908, 34.12323829688161 ], [ -118.259047591499026, 34.123244321417062 ], [ -118.259052942834714, 34.123250347363609 ], [ -118.259058292482649, 34.123256374368793 ], [ -118.259063640864824, 34.12326240207986 ], [ -118.259068987137468, 34.123268431202199 ], [ -118.259074331721479, 34.123274461031329 ], [ -118.259079674618803, 34.123280492270766 ], [ -118.25908501582748, 34.123286524217107 ], [ -118.259090355349571, 34.123292557573656 ], [ -118.259095693182942, 34.123298591637045 ], [ -118.259101028906798, 34.123304627111672 ], [ -118.259106363364836, 34.123310663292266 ], [ -118.25911169613525, 34.123316700531397 ], [ -118.25911702679619, 34.123322739181702 ], [ -118.25912235619127, 34.12332877853801 ], [ -118.259127683475782, 34.123334818953708 ], [ -118.259133009073793, 34.123340860779784 ], [ -118.259138333405915, 34.123346903311756 ], [ -118.259143655627469, 34.123352946903204 ], [ -118.259148976161427, 34.123358991553296 ], [ -118.259154295008827, 34.12336503761361 ], [ -118.259159612167394, 34.123371084380807 ], [ -118.259164927638395, 34.123377132206535 ], [ -118.259170240998813, 34.123383181091761 ], [ -118.259175553094451, 34.123389231034658 ], [ -118.259180863502522, 34.123395282036107 ], [ -118.259186171799939, 34.123401334097096 ], [ -118.259191478832662, 34.123407387215707 ], [ -118.259196783754774, 34.123413441393801 ], [ -118.259202086989262, 34.123419496630468 ], [ -118.259207388535046, 34.123425552573991 ], [ -118.259212688394229, 34.123431609927806 ], [ -118.25921798656573, 34.123437668340202 ], [ -118.259223283049607, 34.12344372781115 ], [ -118.259228577844752, 34.123449787988989 ], [ -118.25923387095331, 34.123455849577091 ], [ -118.259239162373134, 34.123461911872084 ], [ -118.259244451683486, 34.123467975578222 ], [ -118.25924973972802, 34.123474039990363 ], [ -118.259255025663037, 34.123480105813677 ], [ -118.259260309909351, 34.123486172343853 ], [ -118.259265592467969, 34.123492239932624 ], [ -118.25927087334, 34.123498308931701 ], [ -118.259276152523313, 34.123504378637577 ], [ -118.259281430019016, 34.123510449402097 ], [ -118.259286705827009, 34.123516521225163 ], [ -118.259291979947335, 34.123522594106774 ], [ -118.25929725195715, 34.123528668047932 ], [ -118.259302522702185, 34.123534743046726 ], [ -118.259307791336667, 34.123540819104996 ], [ -118.25931305870526, 34.123546895869211 ], [ -118.259318323964422, 34.123552974044664 ], [ -118.259323587535917, 34.123559053278697 ], [ -118.259328849418637, 34.123565133219536 ], [ -118.259334109614869, 34.123571214570752 ], [ -118.259339368122284, 34.123577296628767 ], [ -118.259344624520182, 34.123583380098019 ], [ -118.259349879652362, 34.12358946427323 ], [ -118.259355132673875, 34.123595549507904 ], [ -118.259360384431773, 34.123601636151975 ], [ -118.25936563407798, 34.123607723503817 ], [ -118.259370882036563, 34.123613811914247 ], [ -118.259376128307437, 34.123619901383265 ], [ -118.259381372890687, 34.123625991910835 ], [ -118.259386615786283, 34.123632083496993 ], [ -118.259391856993162, 34.12363817579002 ], [ -118.25939709609051, 34.12364426949425 ], [ -118.259402333923134, 34.123650364256171 ], [ -118.259407569644054, 34.123656459725808 ], [ -118.259412804101302, 34.123662556604963 ], [ -118.259418036446931, 34.12366865419181 ], [ -118.259423267104893, 34.123674752837196 ], [ -118.25942849607631, 34.123680852892953 ], [ -118.25943372335891, 34.123686953655529 ], [ -118.259438948531013, 34.123693055477624 ], [ -118.259444172438265, 34.123699158357432 ], [ -118.25944939423502, 34.12370526229666 ], [ -118.259454614765929, 34.123711366941862 ], [ -118.259459833187307, 34.123717472998308 ], [ -118.259465049921118, 34.123723580113293 ], [ -118.259470264966069, 34.123729687935153 ], [ -118.259475478324518, 34.123735797167349 ], [ -118.259480689994135, 34.123741907106393 ], [ -118.259485899553226, 34.123748018104955 ], [ -118.259491107847595, 34.123754130161153 ], [ -118.259496314031395, 34.123760243276863 ], [ -118.259501518527443, 34.123766357451153 ], [ -118.259506721758825, 34.123772472683136 ], [ -118.259511922879597, 34.123778588974574 ], [ -118.259517121889786, 34.123784706325566 ], [ -118.259522319634101, 34.123790824382482 ], [ -118.259527515691858, 34.123796943849712 ], [ -118.25953270963798, 34.123803064024699 ], [ -118.259537902320417, 34.123809185609119 ], [ -118.259543092891207, 34.123815307901296 ], [ -118.259548281774315, 34.123821431252082 ], [ -118.25955346896977, 34.123827555661414 ], [ -118.259558654477544, 34.123833681129398 ], [ -118.2595638378736, 34.12383980730511 ], [ -118.259569020006097, 34.123845934890227 ], [ -118.259574200027927, 34.123852063534848 ], [ -118.259579378783968, 34.123858192885415 ], [ -118.259584555429385, 34.123864323295507 ], [ -118.259589730388257, 34.123870455115899 ], [ -118.259594903658353, 34.123876587643132 ], [ -118.259600075240797, 34.123882721229009 ], [ -118.259605244711537, 34.123888855522615 ], [ -118.259610412918619, 34.123894991225626 ], [ -118.259615579015176, 34.123901127988169 ], [ -118.2596207434229, 34.123907265457596 ], [ -118.259625906144109, 34.123913404337294 ], [ -118.259631067176457, 34.12391954392389 ], [ -118.25963622652128, 34.123925684569052 ], [ -118.259641384178337, 34.123931826272816 ], [ -118.259646539724841, 34.123937969036071 ], [ -118.259651693583621, 34.123944112857949 ], [ -118.259656846177734, 34.123950257737491 ], [ -118.2596619966601, 34.123956403324812 ], [ -118.259667145032964, 34.123962550323348 ], [ -118.259672292140024, 34.123968698027845 ], [ -118.25967743755939, 34.123974846790986 ], [ -118.259682580868201, 34.123980996613611 ], [ -118.259687722912275, 34.123987147493878 ], [ -118.259692862845739, 34.123993299433693 ], [ -118.259698001090342, 34.123999452080334 ], [ -118.259703137648501, 34.124005606137338 ], [ -118.25970827209494, 34.124011760902086 ], [ -118.259713405276571, 34.124017916724526 ], [ -118.259718536347705, 34.12402407360652 ], [ -118.259723666153988, 34.124030231546115 ], [ -118.259728793849746, 34.124036390545292 ], [ -118.259733919857851, 34.124042550603043 ], [ -118.259739043754166, 34.124048711368552 ], [ -118.259744166386923, 34.124054873543514 ], [ -118.259749286907905, 34.124061036426191 ], [ -118.259754406164248, 34.124067200366639 ], [ -118.259759523309924, 34.124073365366556 ], [ -118.259764638767933, 34.124079531425046 ], [ -118.259769752538276, 34.124085698542203 ], [ -118.259774864196928, 34.124091866367124 ], [ -118.259779974591936, 34.124098035601421 ], [ -118.259785082875268, 34.124104205543468 ], [ -118.259790189470863, 34.124110376544174 ], [ -118.259795294378833, 34.12411654860346 ], [ -118.259800397599122, 34.124122721721349 ], [ -118.259805499130664, 34.124128895546114 ], [ -118.259810598552662, 34.124135070782131 ], [ -118.259815696708856, 34.124141246724129 ], [ -118.259820792754368, 34.124147423725518 ], [ -118.259825887112285, 34.124153601785586 ], [ -118.259830979782478, 34.124159780904286 ], [ -118.259836070342118, 34.124165961082475 ], [ -118.259841159635883, 34.124172141966611 ], [ -118.259846246820175, 34.124178324262012 ], [ -118.259851332315662, 34.12418450726431 ], [ -118.259856416123512, 34.124190691325168 ], [ -118.259861498243623, 34.124196876444636 ], [ -118.259866578675002, 34.124203062270936 ], [ -118.259871656996879, 34.124209249508517 ], [ -118.259876734052881, 34.124215437452065 ], [ -118.259881808998315, 34.12422162645516 ], [ -118.259886882257121, 34.124227816868526 ], [ -118.259891953826113, 34.12423400763705 ], [ -118.259897023285575, 34.124240199816867 ], [ -118.259902091480271, 34.124246393054342 ], [ -118.259907157563291, 34.124252586999617 ], [ -118.259912221958658, 34.124258782003473 ], [ -118.259917284666287, 34.124264978065973 ], [ -118.259922345263277, 34.124271175187921 ], [ -118.259927404595629, 34.124277373367619 ], [ -118.259932461816248, 34.124283572255067 ], [ -118.259937517349158, 34.124289772201152 ], [ -118.259942571195509, 34.124295973557551 ], [ -118.25994762335192, 34.12430217526915 ], [ -118.259952673821786, 34.124308378391056 ], [ -118.259957722181099, 34.124314582572424 ], [ -118.259962769274495, 34.124320787459823 ], [ -118.259967814257308, 34.124326993406683 ], [ -118.259972857129554, 34.124333200413112 ], [ -118.259977898737034, 34.12433940847724 ], [ -118.259982938656748, 34.124345617599943 ], [ -118.259987976464856, 34.12435182743048 ], [ -118.259993012586321, 34.124358038671332 ], [ -118.259998047019025, 34.124364250619067 ], [ -118.260003079764104, 34.124370463625354 ], [ -118.260008110397393, 34.124376677339519 ], [ -118.260013139767054, 34.124382892463068 ], [ -118.260018167025038, 34.124389108294444 ], [ -118.26002319259527, 34.124395325184352 ], [ -118.260028216054991, 34.124401543133835 ], [ -118.260033238249875, 34.124407762141004 ], [ -118.260038258333097, 34.12441398185598 ], [ -118.260043276729718, 34.124420202981277 ], [ -118.260048293437521, 34.12442642481345 ], [ -118.260053308457671, 34.124432647704268 ], [ -118.260058321789074, 34.12443887130194 ], [ -118.260063333010933, 34.124445096310872 ], [ -118.260068342544045, 34.124451322026694 ], [ -118.260073350389405, 34.124457548801082 ], [ -118.260078356547098, 34.124463776634158 ], [ -118.260083361017124, 34.124470005525801 ], [ -118.260088363375488, 34.124476235125258 ], [ -118.260093364046099, 34.124482465783309 ], [ -118.260098363029002, 34.124488697499977 ], [ -118.260103360324322, 34.124494930275269 ], [ -118.260108355931848, 34.124501164109155 ], [ -118.260113349427755, 34.124507398650842 ], [ -118.260118341237018, 34.124513634602863 ], [ -118.260123331357462, 34.124519871261811 ], [ -118.260128319789217, 34.124526108627592 ], [ -118.260133306111399, 34.12453234740466 ], [ -118.260138291167735, 34.124538586887709 ], [ -118.26014327411346, 34.124544827430235 ], [ -118.26014825537149, 34.124551069031419 ], [ -118.260153234518882, 34.124557311692129 ], [ -118.260158212400512, 34.124563555058813 ], [ -118.260163188171418, 34.124569799485002 ], [ -118.260168162254672, 34.124576044969871 ], [ -118.260173134650231, 34.124582291513256 ], [ -118.26017810535815, 34.124588539115329 ], [ -118.260183073954266, 34.12459478742516 ], [ -118.260188040862758, 34.124601036793635 ], [ -118.26019300608354, 34.124607287220734 ], [ -118.260197969616655, 34.124613538706392 ], [ -118.260202931038052, 34.124619790899935 ], [ -118.260207891194682, 34.124626044151114 ], [ -118.260212849240659, 34.124632298461869 ], [ -118.26021780559897, 34.124638553831204 ], [ -118.260222759845519, 34.124644809908368 ], [ -118.260227712828495, 34.124651067394929 ], [ -118.260232663699696, 34.124657325589375 ], [ -118.260237612882136, 34.124663584490641 ], [ -118.260242560377947, 34.124669844802277 ], [ -118.260247505762038, 34.124676105821713 ], [ -118.260252449881364, 34.124682367898821 ], [ -118.260257391890107, 34.124688631035546 ], [ -118.260262332210075, 34.124694894879084 ], [ -118.260267270420485, 34.124701160133931 ], [ -118.260272207365048, 34.124707426094723 ], [ -118.260277142198959, 34.124713693115069 ], [ -118.26028207534408, 34.124719960842306 ], [ -118.260287006801562, 34.124726229628166 ], [ -118.260291936148406, 34.124732499473531 ], [ -118.260296863807554, 34.124738770377547 ], [ -118.260301790201879, 34.124745042339242 ], [ -118.260306714061642, 34.124751315009711 ], [ -118.260311636656553, 34.124757588737815 ], [ -118.26031655714084, 34.124763863525516 ], [ -118.260321475937516, 34.124770139371826 ], [ -118.260326393045375, 34.12477641592502 ], [ -118.260331308465496, 34.124782693536815 ], [ -118.26033622177502, 34.124788972208151 ], [ -118.260341133818628, 34.124795251585489 ], [ -118.260346043751682, 34.124801532022403 ], [ -118.260350951574054, 34.124807813518807 ], [ -118.260355858131717, 34.124814096072924 ], [ -118.260360762578713, 34.124820379686554 ], [ -118.260365665336948, 34.124826664007102 ], [ -118.26037056640746, 34.124832949386267 ], [ -118.260375465366295, 34.124839235473253 ], [ -118.260380363061415, 34.124845522969672 ], [ -118.260385258644789, 34.124851811173919 ], [ -118.260390152117594, 34.124858100437713 ], [ -118.260395044324497, 34.124864390407446 ], [ -118.260399934421855, 34.124870681788458 ], [ -118.260404822830424, 34.124876973876425 ], [ -118.260409709550188, 34.124883266671233 ], [ -118.260414594583381, 34.12488956087639 ], [ -118.26041947750484, 34.124895855789369 ], [ -118.260424358738604, 34.124902151760956 ], [ -118.260429238284658, 34.124908448791224 ], [ -118.260434115719022, 34.124914746529264 ], [ -118.260438991888591, 34.124921045325031 ], [ -118.260443865947479, 34.124927345180346 ], [ -118.260448738318658, 34.124933646094256 ], [ -118.260836979172296, 34.125444800807827 ], [ -118.261181113347519, 34.125916776676895 ], [ -118.261515293859574, 34.126393674099205 ], [ -118.261839419059186, 34.126875348113593 ], [ -118.261997363838645, 34.127120113738329 ], [ -118.262229115438771, 34.127479254474487 ], [ -118.262531464141532, 34.127970627090818 ], [ -118.26268597639276, 34.128226379542738 ], [ -118.262838411103914, 34.128489363281318 ], [ -118.263052976037613, 34.128869817997099 ], [ -118.263200549386298, 34.129141222045014 ], [ -118.263350484188138, 34.129422015788585 ], [ -118.263646725486524, 34.130005524729725 ], [ -118.264483170280982, 34.13165322064188 ], [ -118.264631221772532, 34.131933821041194 ], [ -118.26503314798218, 34.132701877883491 ], [ -118.265361963317872, 34.133337517993994 ], [ -118.265424939823419, 34.133460064365543 ], [ -118.265458928375409, 34.133526202608088 ], [ -118.26551687310743, 34.133638397007807 ], [ -118.265670674554229, 34.133939680289181 ], [ -118.265734895322908, 34.134065488511766 ], [ -118.265815185591364, 34.134222773068821 ], [ -118.265879187157665, 34.134348147665648 ], [ -118.265942962056982, 34.134473079198472 ], [ -118.266000095950602, 34.134585001862753 ], [ -118.266008932775961, 34.134602240676905 ], [ -118.266073125269884, 34.134727483558585 ], [ -118.266137336266468, 34.134852764704561 ], [ -118.266203149954038, 34.134981173726317 ], [ -118.266266118090627, 34.135104034485138 ], [ -118.266301662531603, 34.135173384922297 ], [ -118.266331975179511, 34.135232001571829 ], [ -118.266397479839981, 34.135358685591179 ], [ -118.266462226675074, 34.135483900317922 ], [ -118.266528147120582, 34.135611385292542 ], [ -118.266567738902395, 34.135687954397739 ], [ -118.266592714876893, 34.135736561303965 ], [ -118.266655987068248, 34.135859703631716 ], [ -118.266722336372041, 34.135988842087492 ], [ -118.266737090108322, 34.136017560170302 ], [ -118.26678203833751, 34.136105046997926 ], [ -118.266785138748986, 34.13611110958194 ], [ -118.266819428510857, 34.136178175349144 ], [ -118.266851414304696, 34.13624073914422 ], [ -118.266915396665837, 34.136365883920433 ], [ -118.266974943088186, 34.136482354636193 ], [ -118.266979814901305, 34.136491955912376 ], [ -118.267046973564533, 34.13661752517632 ], [ -118.267113962048839, 34.136741400503702 ], [ -118.267181989399674, 34.136867196398178 ], [ -118.267226111780616, 34.136948786754814 ], [ -118.267251378588995, 34.136995510082556 ], [ -118.2672736277014, 34.137036653221998 ], [ -118.26734978026451, 34.137177472376088 ], [ -118.267365431047253, 34.137206414209622 ], [ -118.267579888628518, 34.137609533366472 ], [ -118.268264181420847, 34.138949554282824 ], [ -118.268433145164565, 34.139280420594339 ], [ -118.269440691598916, 34.141252331121059 ], [ -118.269473511125639, 34.14131655957295 ], [ -118.269748124828851, 34.141853469591645 ], [ -118.269868850088287, 34.142089212822981 ], [ -118.269944896560276, 34.142226754262943 ], [ -118.270087526850645, 34.142478939862563 ], [ -118.270334122653153, 34.142920040167375 ], [ -118.270419972048217, 34.143087490790073 ], [ -118.271088188755357, 34.144439013159634 ], [ -118.271138734852698, 34.14453761172917 ], [ -118.271171574620482, 34.144601671910316 ], [ -118.272240205697159, 34.146686153006108 ], [ -118.272329465791842, 34.14685504268914 ], [ -118.273355657480991, 34.148839562283527 ], [ -118.273907033929618, 34.149928419201828 ], [ -118.275394367335522, 34.152865447445528 ], [ -118.275547289212867, 34.153144546763194 ], [ -118.275596442178184, 34.15323573646419 ], [ -118.275861734638767, 34.153233009844541 ], [ -118.276257818864821, 34.1532309405764 ], [ -118.277166605990686, 34.153226187935928 ], [ -118.277192684428201, 34.153226051475002 ], [ -118.277527433219902, 34.153224299085174 ], [ -118.277952835242786, 34.153222070792488 ], [ -118.278026996059197, 34.153221838028017 ], [ -118.278126744729207, 34.15322152525718 ], [ -118.278287173427515, 34.153221021403851 ], [ -118.278481222010086, 34.153220412121271 ], [ -118.278880720123979, 34.153219156125402 ], [ -118.278916828521886, 34.153219042937565 ], [ -118.278993273500944, 34.153218802200769 ], [ -118.279003137672959, 34.153277386234961 ], [ -118.279004252631154, 34.153284020431116 ], [ -118.279034041286295, 34.153460962678068 ], [ -118.279035045743626, 34.153466938692823 ], [ -118.279042436301438, 34.153510845517793 ], [ -118.279080632756461, 34.153743210291495 ], [ -118.27910272199253, 34.153868945580591 ], [ -118.279162943900843, 34.154226668359023 ], [ -118.279281781666327, 34.154982535396499 ], [ -118.279290610454936, 34.155038690652553 ], [ -118.279301363484223, 34.155110551778165 ], [ -118.279432461374938, 34.155231467958899 ], [ -118.279441205894912, 34.155239990888568 ], [ -118.279616744512253, 34.155411110155875 ], [ -118.279913670542541, 34.155700558179781 ], [ -118.280132152096201, 34.155913536411248 ], [ -118.280304369868048, 34.156081414519285 ], [ -118.28037846961756, 34.156153646780012 ], [ -118.280570047728531, 34.156340395237464 ], [ -118.282071743089006, 34.156653913412192 ], [ -118.28224170260853, 34.156689599251372 ], [ -118.282284267774372, 34.156698537908646 ], [ -118.282371928756064, 34.156716943544588 ], [ -118.282690743016758, 34.15678388281286 ], [ -118.283338318948182, 34.156649403753057 ], [ -118.283353346834645, 34.156646283172357 ], [ -118.284029045403713, 34.156505961225349 ], [ -118.284152376856824, 34.156480348388229 ], [ -118.285859337090301, 34.156126426852744 ], [ -118.28644397453877, 34.156013827310339 ], [ -118.287969288332249, 34.155681612106221 ], [ -118.288872744489979, 34.155689439086665 ], [ -118.289103705034535, 34.155691438867862 ], [ -118.289256358233303, 34.155692759962193 ], [ -118.289480566083043, 34.155694700611242 ], [ -118.28957844361878, 34.15569554780528 ], [ -118.289793840799419, 34.15569741154534 ], [ -118.289979477813731, 34.155699017411756 ], [ -118.290293116851885, 34.155701729695899 ], [ -118.29056365954311, 34.155704068849779 ], [ -118.291451696636003, 34.155711742673454 ], [ -118.291893887895938, 34.156056412083494 ], [ -118.29237639166864, 34.156432498024607 ], [ -118.292420306272192, 34.156466726895907 ], [ -118.295444212980016, 34.158823559743738 ], [ -118.295445325005559, 34.15882442685222 ], [ -118.296127606433046, 34.158841853216522 ], [ -118.296703433544934, 34.158856557850477 ], [ -118.297135107460861, 34.158867579381706 ], [ -118.297367650198311, 34.158873516110091 ], [ -118.297452870595649, 34.158875686297343 ], [ -118.297613591527522, 34.158731807576835 ], [ -118.29798739457712, 34.158397172171497 ], [ -118.29810339363857, 34.15829332704898 ], [ -118.298864849687448, 34.157611644329847 ], [ -118.300217237919426, 34.15791589405088 ], [ -118.30313057892694, 34.158571256516623 ], [ -118.303151898361264, 34.158576052003795 ], [ -118.30353881432292, 34.158663083930939 ], [ -118.303560235855812, 34.158667902304011 ], [ -118.304014549688716, 34.158770092191418 ], [ -118.304035921733899, 34.158774899701257 ], [ -118.304330795300416, 34.15884122488449 ], [ -118.304352146208927, 34.158846027467483 ], [ -118.30436484259063, 34.158848882852816 ], [ -118.304545443351572, 34.158981967661525 ], [ -118.30456103820805, 34.158993459466274 ], [ -118.304744094713172, 34.159128353068063 ], [ -118.304857494876174, 34.159211916947768 ], [ -118.304989407376439, 34.159309121915562 ], [ -118.305256462699177, 34.159505911507125 ], [ -118.305332210256637, 34.159561728531159 ], [ -118.306217551281108, 34.160214112272669 ], [ -118.306345912926417, 34.160308697346451 ], [ -118.306346842479883, 34.160309382621705 ], [ -118.306710368621268, 34.160577259443514 ], [ -118.306711230721447, 34.160577894589778 ], [ -118.307067330680738, 34.16084027864288 ], [ -118.30717592551845, 34.160909226968009 ], [ -118.307176970943189, 34.160909891542289 ], [ -118.307179544282405, 34.160911488186059 ], [ -118.307258544315815, 34.160960503860736 ], [ -118.307357426636813, 34.160992938035101 ], [ -118.307859665944818, 34.161157674031813 ], [ -118.307813446016681, 34.16120159462659 ], [ -118.30779850265678, 34.161215578370403 ], [ -118.307649536841893, 34.16135498048277 ], [ -118.307621483833742, 34.161381232101107 ], [ -118.307593652185759, 34.161407277388285 ], [ -118.307587799034536, 34.161412754277549 ], [ -118.307575042362799, 34.161424692051099 ], [ -118.307559070478604, 34.161439638249881 ], [ -118.307299934536204, 34.161682135067451 ], [ -118.307288894817333, 34.161692465618039 ], [ -118.307273004635974, 34.161707335597754 ], [ -118.30717206384486, 34.161802079140699 ], [ -118.306912827131328, 34.16204539877797 ], [ -118.306621635726685, 34.162316802851173 ], [ -118.306508886587693, 34.162422266583654 ], [ -118.306403024373481, 34.162521271897745 ], [ -118.306295176140793, 34.162622343281448 ], [ -118.306185397481727, 34.162724951939907 ], [ -118.306075265430593, 34.16282784277584 ], [ -118.30596813825683, 34.162928219838435 ], [ -118.305860064953677, 34.16302947148678 ], [ -118.30574724326614, 34.163134944537241 ], [ -118.30562827483368, 34.163246405024957 ], [ -118.305508794332965, 34.163358045367104 ], [ -118.305384583789547, 34.163474436381293 ], [ -118.304917898537866, 34.163911123543663 ], [ -118.3048689721752, 34.163956904850345 ], [ -118.304805890926403, 34.164015847992886 ], [ -118.304619257989813, 34.164195050795541 ], [ -118.304417909805323, 34.164413284792538 ], [ -118.304380253741968, 34.164449032947353 ], [ -118.304126503413769, 34.164690329672389 ], [ -118.304074426510908, 34.164739762140321 ], [ -118.303965516484652, 34.16484328354602 ], [ -118.303857657032353, 34.164945811392485 ], [ -118.303750785291285, 34.165047394379236 ], [ -118.303642574462245, 34.165150252485581 ], [ -118.303531336092234, 34.16525598292683 ], [ -118.303424584178273, 34.165357456286955 ], [ -118.303316929576241, 34.165459780538633 ], [ -118.303209194604364, 34.165562184737922 ], [ -118.303104769191634, 34.165661444881145 ], [ -118.302994372421068, 34.165766375698254 ], [ -118.302886344418781, 34.165869054691285 ], [ -118.302778292552134, 34.165971760378419 ], [ -118.302669417682139, 34.166075242535655 ], [ -118.302556207578093, 34.166182851725715 ], [ -118.302441245876139, 34.166292120778557 ], [ -118.302382613692174, 34.166347850085401 ], [ -118.30216227253409, 34.16655728040466 ], [ -118.302043945920019, 34.166669743798664 ], [ -118.30185978858394, 34.166844780809377 ], [ -118.30168570699513, 34.167010239793797 ], [ -118.301597044071372, 34.167094508006727 ], [ -118.301513495797664, 34.167173917631338 ], [ -118.301424475362722, 34.167258530247672 ], [ -118.301335380513862, 34.167343209460334 ], [ -118.301164156427717, 34.16750594944223 ], [ -118.301024010348627, 34.167637438433175 ], [ -118.300908527305864, 34.167744992991494 ], [ -118.300833653877447, 34.167814725596806 ], [ -118.300756143622564, 34.167886914505878 ], [ -118.300626465426703, 34.168007688658214 ], [ -118.300481324175152, 34.168142863947402 ], [ -118.300373556757748, 34.168243230935097 ], [ -118.300308245435687, 34.168304057249522 ], [ -118.300291452092793, 34.168319697429347 ], [ -118.300254747841407, 34.168355051158038 ], [ -118.300229052316311, 34.168379801054023 ], [ -118.30011095654433, 34.168493296408336 ], [ -118.299936785876227, 34.168660614080757 ], [ -118.299715705316714, 34.168872936481556 ], [ -118.299585264270107, 34.168998360555861 ], [ -118.299161059036393, 34.169405870135918 ], [ -118.298376387652354, 34.170152466461396 ], [ -118.298373119240523, 34.170155575016487 ], [ -118.298238990493985, 34.170283001032516 ], [ -118.298151317996883, 34.170366549197816 ], [ -118.297724029280602, 34.170773014566052 ], [ -118.297623950621798, 34.170867727221442 ], [ -118.297618942883844, 34.170872483314433 ], [ -118.297537650493865, 34.170949610697662 ], [ -118.297532884765005, 34.170954119981374 ], [ -118.297426514794452, 34.171055231831851 ], [ -118.297421790005359, 34.171059714279075 ], [ -118.296978973012443, 34.171479820769761 ], [ -118.296974282757404, 34.171484270052048 ], [ -118.296904039491267, 34.171550700526772 ], [ -118.2972897993522, 34.171831171204794 ], [ -118.297324267145555, 34.171856157711517 ], [ -118.297411335954166, 34.171919276291483 ], [ -118.297425785231212, 34.171929757101154 ], [ -118.297581427510366, 34.172042758278913 ], [ -118.297595853773799, 34.172053300325864 ], [ -118.297682521636929, 34.172116722185343 ], [ -118.297696928506426, 34.172127277282002 ], [ -118.297827309974977, 34.17222134695934 ], [ -118.297842371880648, 34.172232237733738 ], [ -118.297953251703518, 34.172312779971122 ], [ -118.297975999903116, 34.172329290007632 ], [ -118.298098419036052, 34.172418115388218 ], [ -118.298123895793125, 34.172436605236697 ], [ -118.298195858430418, 34.17248880483816 ], [ -118.298221300421389, 34.172507264151569 ], [ -118.298371856549323, 34.172616579484846 ], [ -118.29839736696735, 34.172635099793482 ], [ -118.298588358231967, 34.172773717165306 ], [ -118.298613771532658, 34.172792151846423 ], [ -118.298680081830682, 34.172840282247655 ], [ -118.298807831882002, 34.172932873428259 ], [ -118.298830852467376, 34.172949604572899 ], [ -118.298908292409152, 34.173005729935198 ], [ -118.298933739756507, 34.17302417888623 ], [ -118.299100334087626, 34.173144960839721 ], [ -118.299125654238878, 34.173163318263924 ], [ -118.29915145722066, 34.173182022700225 ], [ -118.299343111914226, 34.173320971388648 ], [ -118.29901380716062, 34.173632784471025 ], [ -118.296502603709996, 34.176010495379764 ], [ -118.296415358970009, 34.176093098942253 ], [ -118.296393550183325, 34.176113747530913 ], [ -118.29781180237056, 34.17714796993144 ], [ -118.297723892199656, 34.177231686486174 ], [ -118.297597533670242, 34.177351251195873 ], [ -118.297456356839575, 34.177484837315944 ], [ -118.297212734652902, 34.177715773025717 ], [ -118.297106216003428, 34.17781663943844 ], [ -118.297004846332939, 34.177912662818024 ], [ -118.296896973735471, 34.178014826733033 ], [ -118.296790528817894, 34.178115338494095 ], [ -118.296687759674313, 34.178213013242718 ], [ -118.296579106120845, 34.178315950833564 ], [ -118.296474372944175, 34.178415331880984 ], [ -118.296368604798843, 34.17851555284004 ], [ -118.296265250964652, 34.178613436532231 ], [ -118.295945066914513, 34.178916618376803 ], [ -118.295839117587477, 34.179017183656256 ], [ -118.29580285816435, 34.179051417842452 ], [ -118.295495554839206, 34.17934248298512 ], [ -118.295462709607037, 34.179372892819345 ], [ -118.295357447129732, 34.179460013969447 ], [ -118.295231732044797, 34.179579259472995 ], [ -118.295220630698594, 34.179589768094999 ], [ -118.295123506658797, 34.179681854229919 ], [ -118.295112420096416, 34.179692362454112 ], [ -118.295101714838665, 34.179702509576451 ], [ -118.295090627852531, 34.179713019206559 ], [ -118.295012289570536, 34.179787275294686 ], [ -118.295001205092476, 34.179797782448411 ], [ -118.294971599777199, 34.17982584173086 ], [ -118.294960511066705, 34.179836351704957 ], [ -118.294903677650098, 34.179890222173967 ], [ -118.294892593144652, 34.179900729317652 ], [ -118.294839550799324, 34.179951008153154 ], [ -118.294828463747209, 34.179961517759253 ], [ -118.294796198859117, 34.179992099047467 ], [ -118.294785112215635, 34.180002607593387 ], [ -118.294711167299411, 34.180072695692395 ], [ -118.294700083165097, 34.180083201762301 ], [ -118.294685537296061, 34.180096990510819 ], [ -118.294674452735777, 34.180107497634552 ], [ -118.294576089413297, 34.18020073298328 ], [ -118.294565003136412, 34.1802112411563 ], [ -118.294467260464074, 34.180303887165358 ], [ -118.294456173737828, 34.180314395681179 ], [ -118.294360889115879, 34.180404713152889 ], [ -118.294349802362817, 34.180415221658983 ], [ -118.294338544772785, 34.180425891319906 ], [ -118.294327458432392, 34.180436398416042 ], [ -118.294251374186956, 34.180508513528338 ], [ -118.294240286562427, 34.180519022729904 ], [ -118.294210038340722, 34.180547695749084 ], [ -118.294198954926813, 34.180558201771071 ], [ -118.294139486749728, 34.180614566066893 ], [ -118.294128399097033, 34.180625075258234 ], [ -118.294078095056719, 34.180672756966423 ], [ -118.294067011608306, 34.180683262624598 ], [ -118.294033160165043, 34.180715348393072 ], [ -118.294022073751506, 34.180725856516354 ], [ -118.293947690988361, 34.180796359898849 ], [ -118.293936607507206, 34.180806865545001 ], [ -118.293923311203059, 34.18081946759655 ], [ -118.293912223071587, 34.180829976417378 ], [ -118.29381828959292, 34.180919009530612 ], [ -118.293807202281386, 34.180929518339759 ], [ -118.29375773896821, 34.18097640296412 ], [ -118.293708698309558, 34.18102302274508 ], [ -118.293697627953463, 34.181033546979045 ], [ -118.293600761272714, 34.181125635831783 ], [ -118.293589691733331, 34.181136159350338 ], [ -118.293580325881749, 34.181145063944804 ], [ -118.293569260980249, 34.18115558393292 ], [ -118.293493493384275, 34.18122761267874 ], [ -118.293482424659359, 34.18123813477861 ], [ -118.293450181479088, 34.181268790571231 ], [ -118.2934391157021, 34.181279311604683 ], [ -118.293384314016464, 34.181331408988285 ], [ -118.29337324315658, 34.181341933545298 ], [ -118.293317893023016, 34.181394549270522 ], [ -118.293306823409921, 34.181405072059761 ], [ -118.29327558780632, 34.181434768659336 ], [ -118.293264517764328, 34.181445292852665 ], [ -118.293191123603265, 34.181515063532473 ], [ -118.29318005649138, 34.181525584545362 ], [ -118.293053986885539, 34.18164543290208 ], [ -118.293042920159849, 34.181655953197982 ], [ -118.292915532411186, 34.181777054999735 ], [ -118.292906009919875, 34.181786107647206 ], [ -118.292824248013616, 34.181863834428 ], [ -118.292814727188002, 34.181872884953826 ], [ -118.29270824576453, 34.18197411353097 ], [ -118.292557858629621, 34.182117079215317 ], [ -118.292422694057592, 34.182245571896601 ], [ -118.292315327535647, 34.182347637622108 ], [ -118.292202623430725, 34.182454777174961 ], [ -118.292090415942042, 34.182561443402619 ], [ -118.291981478584461, 34.182665003602629 ], [ -118.291967873031354, 34.182677932588959 ], [ -118.291872618634642, 34.182768144256244 ], [ -118.291767612528687, 34.182867586933142 ], [ -118.291657173390263, 34.182972176103704 ], [ -118.291547642183076, 34.183075904765708 ], [ -118.291415441699115, 34.183201101911195 ], [ -118.291318936196291, 34.183292493391157 ], [ -118.29119848530712, 34.183406561431958 ], [ -118.291115333493863, 34.183485314280226 ], [ -118.291025618528394, 34.183570275754747 ], [ -118.290938858343608, 34.183652431347596 ], [ -118.290853187632578, 34.183733563540642 ], [ -118.290607690210592, 34.183966000352072 ], [ -118.290475368290544, 34.184094937041678 ], [ -118.290370545150893, 34.18419707863432 ], [ -118.290262923910745, 34.184301945715269 ], [ -118.290155952407275, 34.184406179787842 ], [ -118.290048557140693, 34.184510826304283 ], [ -118.289942598709544, 34.184614072213094 ], [ -118.290060316070068, 34.184679936822789 ], [ -118.290020856281174, 34.18473376648457 ], [ -118.289412791233829, 34.185563252705343 ], [ -118.288828000722404, 34.186361179778395 ], [ -118.288200331119739, 34.187217132767422 ], [ -118.28786743716303, 34.187671091641981 ], [ -118.287717966144527, 34.18760936465376 ], [ -118.287667242258308, 34.187588418141083 ], [ -118.287555923434425, 34.187542447711429 ], [ -118.287450289023411, 34.187498823772273 ], [ -118.287393557153578, 34.187475394850701 ], [ -118.287232412671116, 34.187408845009202 ], [ -118.287017030742149, 34.187319899646617 ], [ -118.286794366241267, 34.187227943134772 ], [ -118.286761426298312, 34.187214340383342 ], [ -118.286731772893205, 34.1872020931336 ], [ -118.286514392732755, 34.187112320831787 ], [ -118.286502270647802, 34.187107314545358 ], [ -118.286284871178694, 34.187017444800865 ], [ -118.286057051448196, 34.186923264954956 ], [ -118.285837268791212, 34.18683240676193 ], [ -118.28561628161637, 34.18674104944953 ], [ -118.285397022949979, 34.186650408700423 ], [ -118.285220222920174, 34.186577317200502 ], [ -118.284771050678856, 34.186391625417173 ], [ -118.28455793870036, 34.186303523287194 ], [ -118.284557018960868, 34.186303142066464 ], [ -118.284500974439979, 34.186279980654689 ], [ -118.284349951497916, 34.186217566592219 ], [ -118.284198211221735, 34.186154856112864 ], [ -118.283900143758544, 34.186031667668594 ], [ -118.283581323483531, 34.185899879190437 ], [ -118.283486411114822, 34.185860653169577 ], [ -118.283091275048747, 34.18640393893434 ], [ -118.282834542101256, 34.1867698011879 ], [ -118.282594747949929, 34.18710841497915 ], [ -118.282400062810297, 34.187383327939038 ], [ -118.282398814637872, 34.187383325577215 ], [ -118.282141920022852, 34.187737446367997 ], [ -118.281873703909852, 34.188107422902434 ], [ -118.281768689765045, 34.188252277738499 ], [ -118.281675437410115, 34.18838090868222 ], [ -118.281624132421157, 34.188451678166004 ], [ -118.281261279610547, 34.188952189535158 ], [ -118.280492122847278, 34.190013118076635 ], [ -118.280052716963354, 34.190619193915758 ], [ -118.279993027517264, 34.190701526558733 ], [ -118.280006036157275, 34.192619746585194 ], [ -118.28000633564821, 34.192663883293385 ], [ -118.280055426946276, 34.199901964550385 ], [ -118.280070014125215, 34.2020524799931 ], [ -118.280073556748675, 34.202574789545125 ], [ -118.280078299640309, 34.20327397726102 ], [ -118.280083042611381, 34.203973164977818 ], [ -118.28009120736786, 34.205176718729156 ], [ -118.28010673851152, 34.207466126233456 ], [ -118.283867078140759, 34.211650261674563 ], [ -118.286519034768446, 34.214600775199614 ], [ -118.292789255540839, 34.221659828327951 ], [ -118.291729437325898, 34.221667723746052 ], [ -118.290366580493668, 34.221677863224365 ], [ -118.285219899486989, 34.221716358061926 ], [ -118.284058030033094, 34.221724955783309 ], [ -118.282860033843278, 34.221733808996554 ], [ -118.277520379828829, 34.22177319262741 ], [ -118.277403859271359, 34.221774052815277 ], [ -118.277242180766322, 34.221775246743483 ], [ -118.275550455092727, 34.221787761263457 ], [ -118.275230461112869, 34.221790107811756 ], [ -118.274056544782965, 34.221798709352484 ], [ -118.271489229820318, 34.221817597014898 ], [ -118.267904788669, 34.22184383424019 ], [ -118.267197214869611, 34.221849001104111 ], [ -118.266883281684741, 34.221850776863512 ], [ -118.266881915579845, 34.222041101012678 ], [ -118.266878447633246, 34.222524348805798 ], [ -118.266874871827113, 34.223022615302099 ], [ -118.26686827577872, 34.223941691469179 ], [ -118.26686159307603, 34.224872783932781 ], [ -118.266856911914857, 34.225525010868701 ], [ -118.266851952654122, 34.226215980634471 ], [ -118.266843094468314, 34.227338442594842 ], [ -118.266839945366584, 34.227737424255949 ], [ -118.266839035784969, 34.227852695863376 ], [ -118.266837085966884, 34.228099731575583 ], [ -118.266828138543175, 34.229440717163953 ], [ -118.266824800114918, 34.229943087088778 ], [ -118.266818629030297, 34.230626979559815 ], [ -118.26681838484501, 34.23069314942029 ], [ -118.266817964837273, 34.230806996148189 ], [ -118.266812317236045, 34.231645852111015 ], [ -118.266809785404519, 34.232021956665861 ], [ -118.26680967627847, 34.232039356575619 ], [ -118.266808110611521, 34.232288720581685 ], [ -118.266805705566853, 34.232671779939416 ], [ -118.266804846372608, 34.233045747569264 ], [ -118.266799831399936, 34.233454526511451 ], [ -118.266798136127193, 34.233592720249668 ], [ -118.266794869119565, 34.233859004045328 ], [ -118.266794670217422, 34.233875213902721 ], [ -118.266791353081885, 34.23414556379236 ], [ -118.266789991687887, 34.234256520327222 ], [ -118.266789963878054, 34.234279490385468 ], [ -118.266789741999233, 34.234461053248808 ], [ -118.266789582417417, 34.234592007133585 ], [ -118.266789465453002, 34.23469031240775 ], [ -118.266789243841401, 34.234872357138329 ], [ -118.266789038157953, 34.235041363600999 ], [ -118.266788790603826, 34.23524497569084 ], [ -118.266788482396606, 34.235325313675425 ], [ -118.266787842191917, 34.235493653162493 ], [ -118.26678713491556, 34.235678376321658 ], [ -118.266785116591919, 34.235872274400727 ], [ -118.266784095916805, 34.235970326310927 ], [ -118.266781256500479, 34.236243102774502 ], [ -118.26677658106027, 34.236692230573702 ], [ -118.266774795351779, 34.2368637821085 ], [ -118.266772655475023, 34.237069358198859 ], [ -118.266772474965464, 34.237086688974742 ], [ -118.266772096470959, 34.237123038511129 ], [ -118.266771865497887, 34.237145252096461 ], [ -118.266771628622536, 34.237168004191439 ], [ -118.266771593324037, 34.237171403727409 ], [ -118.266771487002899, 34.237181601632834 ], [ -118.266771306860093, 34.237198914821413 ], [ -118.266771067079958, 34.237221950767889 ], [ -118.266768273560743, 34.237490297455551 ], [ -118.266765573992444, 34.237749616465862 ], [ -118.266765301793299, 34.237775761413907 ], [ -118.266765195913166, 34.237785965297689 ], [ -118.266762148952594, 34.238078652522098 ], [ -118.266762042041734, 34.238088931678043 ], [ -118.26675985051763, 34.238299437709728 ], [ -118.266757342159721, 34.238540415402191 ], [ -118.266754898143063, 34.238775158208881 ], [ -118.266752779621513, 34.238978700552934 ], [ -118.266752169670312, 34.239037253474464 ], [ -118.266742382472628, 34.239977442402669 ], [ -118.266740931327078, 34.240116824437521 ], [ -118.266739676620745, 34.240237363579979 ], [ -118.266738128534939, 34.240386040962953 ], [ -118.266737299291634, 34.240465703717824 ], [ -118.26673564172124, 34.240624919837593 ], [ -118.266733850001415, 34.240797028517186 ], [ -118.266035578906695, 34.240363052725151 ], [ -118.266030937305416, 34.240977894564772 ], [ -118.266025898289556, 34.241650523487102 ], [ -118.266017960192329, 34.242778370288498 ], [ -118.266009761599889, 34.243943226894615 ], [ -118.266025879268724, 34.244637100140864 ], [ -118.266062181446216, 34.246199715774075 ], [ -118.266092764499362, 34.247770988029686 ], [ -118.266195147138575, 34.247771460750123 ], [ -118.266702883605049, 34.247773804117536 ], [ -118.266703208746051, 34.247914275047833 ], [ -118.266703534034207, 34.248054791702266 ], [ -118.266703846873099, 34.248189290657805 ], [ -118.266704201589249, 34.248341403038495 ], [ -118.266704562389563, 34.248497407635213 ], [ -118.26670427570096, 34.248602152015536 ], [ -118.266703921941058, 34.248731374398169 ], [ -118.266703549064431, 34.248866279703215 ], [ -118.266703543844201, 34.248868225126117 ], [ -118.266703379802436, 34.248928900796678 ], [ -118.266703565530833, 34.24914279152685 ], [ -118.266702717102291, 34.249420106141343 ], [ -118.266702196363568, 34.249591191287159 ], [ -118.266701460869839, 34.249831208693358 ], [ -118.266701379981768, 34.249858123502271 ], [ -118.26668769922307, 34.250239274183066 ], [ -118.26668273973273, 34.25037743991512 ], [ -118.266668556664328, 34.250772579243772 ], [ -118.266066078668942, 34.250549375462676 ], [ -118.265956980096746, 34.250508956079742 ], [ -118.265908099186007, 34.250490846030594 ], [ -118.265297951381967, 34.250264014890789 ], [ -118.265296544850386, 34.250361743673906 ], [ -118.265267835384407, 34.252375509825683 ], [ -118.263967032659593, 34.252361982136613 ], [ -118.261721688031415, 34.252338602097637 ], [ -118.260847864352414, 34.252329494215211 ], [ -118.260846257111524, 34.252329436126033 ], [ -118.2604249530484, 34.252314249533221 ], [ -118.259843627965395, 34.252305927878616 ], [ -118.25852706027014, 34.252287947312055 ], [ -118.258361242863543, 34.252285682357467 ], [ -118.257268684496111, 34.252272319358049 ], [ -118.256968581144577, 34.252268648814379 ], [ -118.256899657196513, 34.252267806748442 ], [ -118.256504746578187, 34.252265586262986 ], [ -118.256509188690714, 34.252644776839865 ], [ -118.256510420734799, 34.252750030765185 ], [ -118.256516083837425, 34.253244639891847 ], [ -118.256520732561668, 34.253650778765916 ], [ -118.256529667425241, 34.254385972793607 ] ] ] ] } }
]
}
